config_id,dataset,imbalance_method,method_family,classifier,minority_ratio,seed,precision,recall,f1,mcc,balanced_accuracy,accuracy,roc_auc,pr_auc,tn,fp,fn,tp,cv_best_score,best_params,runtime_sec,train_size,test_size,train_phishing,test_phishing,train_phishing_pct,test_phishing_pct
urlphish__none__decision_tree__rnative__s1,urlphish,none,Baseline,decision_tree,,1,0.8996350364963503,0.8664323374340949,0.88272157564906,0.8639032452303571,0.925201012785832,0.96725,0.949677524114619,0.8611844666305749,3376,55,76,493,0.8721,"{""criterion"": ""entropy"", ""max_depth"": 10, ""min_samples_split"": 2}",4.7,16000,4000,2278,569,14.24,14.22
urlphish__none__random_forest__rnative__s1,urlphish,none,Baseline,random_forest,,1,0.9432234432234432,0.905096660808436,0.9237668161434978,0.9116891175844476,0.9480306970611692,0.97875,0.993366078640986,0.974680371591498,3400,31,54,515,0.9083,"{""max_depth"": 20, ""max_features"": ""sqrt"", ""n_estimators"": 300}",21.0,16000,4000,2278,569,14.24,14.22
urlphish__none__svm__rnative__s1,urlphish,none,Baseline,svm,,1,0.9486238532110092,0.9086115992970124,0.9281867145421904,0.916862397310645,0.9502253566289784,0.98,0.9911476002682048,0.9656182603252822,3403,28,52,517,0.9156,"{""C"": 10, ""gamma"": ""scale"", ""kernel"": ""rbf""}",9.7,16000,4000,2278,569,14.24,14.22
urlphish__random_oversampling__decision_tree__rnative__s1,urlphish,random_oversampling,Data-level (resampling),decision_tree,,1,0.8595317725752508,0.9033391915641475,0.8808911739502999,0.8609277989899677,0.9394282667234904,0.96525,0.944306255535311,0.8202622968979358,3347,84,55,514,0.8671,"{""criterion"": ""entropy"", ""max_depth"": null, ""min_samples_split"": 10}",3.8,16000,4000,2278,569,14.24,14.22
urlphish__random_oversampling__random_forest__rnative__s1,urlphish,random_oversampling,Data-level (resampling),random_forest,,1,0.9006849315068494,0.9244288224956064,0.9124024284475284,0.8977580724424881,0.9537620649930668,0.97475,0.9916116827908876,0.9695912260898244,3373,58,43,526,0.9065,"{""max_depth"": 20, ""max_features"": ""sqrt"", ""n_estimators"": 100}",30.5,16000,4000,2278,569,14.24,14.22
urlphish__random_oversampling__svm__rnative__s1,urlphish,random_oversampling,Data-level (resampling),svm,,1,0.8246951219512195,0.9507908611599296,0.8832653061224491,0.8653265285970798,0.9586364681783328,0.96425,0.9903910330651114,0.9486934128238868,3316,115,28,541,0.8862,"{""C"": 10, ""gamma"": ""scale"", ""kernel"": ""rbf""}",31.5,16000,4000,2278,569,14.24,14.22
urlphish__random_undersampling__decision_tree__rnative__s1,urlphish,random_undersampling,Data-level (resampling),decision_tree,,1,0.7322175732217573,0.922671353251318,0.8164852255054432,0.7893066784475563,0.9333554959203254,0.941,0.9584159521452036,0.7609030031102757,3239,192,44,525,0.8085,"{""criterion"": ""entropy"", ""max_depth"": 10, ""min_samples_split"": 10}",2.9,16000,4000,2278,569,14.24,14.22
urlphish__random_undersampling__random_forest__rnative__s1,urlphish,random_undersampling,Data-level (resampling),random_forest,,1,0.7732394366197183,0.9648506151142356,0.8584831899921814,0.8391639398211135,0.9589627601948328,0.95475,0.9918027454630298,0.967613892645699,3270,161,20,549,0.845,"{""max_depth"": 20, ""max_features"": ""sqrt"", ""n_estimators"": 300}",11.3,16000,4000,2278,569,14.24,14.22
urlphish__random_undersampling__svm__rnative__s1,urlphish,random_undersampling,Data-level (resampling),svm,,1,0.7901591895803184,0.9595782073813708,0.8666666666666667,0.8476143077221573,0.9586582380538448,0.958,0.9882089231902446,0.9262684286396748,3286,145,23,546,0.8594,"{""C"": 10, ""gamma"": ""scale"", ""kernel"": ""rbf""}",4.3,16000,4000,2278,569,14.24,14.22
urlphish__smote__decision_tree__rnative__s1,urlphish,smote,Data-level (synthetic),decision_tree,,1,0.8741610738255033,0.9156414762741651,0.8944206008583692,0.8767588762724554,0.9468909800490616,0.96925,0.9466451085138654,0.8124181361389935,3356,75,48,521,0.8742,"{""criterion"": ""entropy"", ""max_depth"": null, ""min_samples_split"": 2}",5.4,16000,4000,2278,569,14.24,14.22
urlphish__smote__random_forest__rnative__s1,urlphish,smote,Data-level (synthetic),random_forest,,1,0.9114139693356048,0.9402460456942004,0.9256055363321798,0.913194606012764,0.9625450572394056,0.9785,0.9927375695291406,0.9750345885130532,3379,52,34,535,0.9167,"{""max_depth"": 20, ""max_features"": ""sqrt"", ""n_estimators"": 100}",43.2,16000,4000,2278,569,14.24,14.22
urlphish__smote__svm__rnative__s1,urlphish,smote,Data-level (synthetic),svm,,1,0.838006230529595,0.945518453427065,0.8885218827415358,0.8709190123290642,0.9576032954981434,0.96625,0.9903797639530816,0.9515427370098728,3327,104,31,538,0.8895,"{""C"": 10, ""gamma"": ""scale"", ""kernel"": ""rbf""}",29.4,16000,4000,2278,569,14.24,14.22
urlphish__adasyn__decision_tree__rnative__s1,urlphish,adasyn,Data-level (synthetic),decision_tree,,1,0.8726968174204355,0.9156414762741651,0.8936535162950259,0.8758672572305677,0.9467452499412214,0.969,0.9630385931230756,0.8579717329520887,3355,76,48,521,0.893,"{""criterion"": ""entropy"", ""max_depth"": null, ""min_samples_split"": 10}",7.0,16000,4000,2278,569,14.24,14.22
urlphish__adasyn__random_forest__rnative__s1,urlphish,adasyn,Data-level (synthetic),random_forest,,1,0.89,0.938488576449912,0.913601368691189,0.8992616802991367,0.9596261011074976,0.97475,0.9929916367821768,0.966980042671088,3365,66,35,534,0.9143,"{""max_depth"": null, ""max_features"": ""sqrt"", ""n_estimators"": 100}",49.8,16000,4000,2278,569,14.24,14.22
urlphish__adasyn__svm__rnative__s1,urlphish,adasyn,Data-level (synthetic),svm,,1,0.7150395778364116,0.952548330404218,0.8168801808590805,0.7928968707213176,0.9447964619086086,0.93925,0.984968541249304,0.9362557969289887,3215,216,27,542,0.83,"{""C"": 10, ""gamma"": ""scale"", ""kernel"": ""rbf""}",50.0,16000,4000,2278,569,14.24,14.22
urlphish__smoteenn__decision_tree__rnative__s1,urlphish,smoteenn,Hybrid,decision_tree,,1,0.825,0.9279437609841829,0.8734491315136476,0.8530520995640203,0.94765010841398,0.96175,0.94765010841398,0.7758036028119507,3319,112,41,528,0.868,"{""criterion"": ""gini"", ""max_depth"": 20, ""min_samples_split"": 2}",34.1,16000,4000,2278,569,14.24,14.22
urlphish__smoteenn__random_forest__rnative__s1,urlphish,smoteenn,Hybrid,random_forest,,1,0.8445839874411303,0.945518453427065,0.8922056384742951,0.8750713535931915,0.9583319460373448,0.9675,0.991577619338616,0.9635147484314406,3332,99,31,538,0.8978,"{""max_depth"": null, ""max_features"": ""sqrt"", ""n_estimators"": 100}",57.2,16000,4000,2278,569,14.24,14.22
urlphish__smoteenn__svm__rnative__s1,urlphish,smoteenn,Hybrid,svm,,1,0.8058823529411765,0.9630931458699472,0.8775020016012811,0.8598178638063608,0.9623101987000569,0.96175,0.9894685025757604,0.9373006650476408,3299,132,21,548,0.8789,"{""C"": 10, ""gamma"": ""scale"", ""kernel"": ""rbf""}",29.4,16000,4000,2278,569,14.24,14.22
urlphish__smotetomek__decision_tree__rnative__s1,urlphish,smotetomek,Hybrid,decision_tree,,1,0.8592964824120602,0.9015817223198594,0.8799313893653515,0.8597991268891896,0.9385495321013462,0.965,0.953301055864574,0.844228203683111,3347,84,56,513,0.8749,"{""criterion"": ""entropy"", ""max_depth"": 20, ""min_samples_split"": 10}",34.2,16000,4000,2278,569,14.24,14.22
urlphish__smotetomek__random_forest__rnative__s1,urlphish,smotetomek,Hybrid,random_forest,,1,0.9063032367972744,0.9349736379613356,0.9204152249134948,0.907126857687516,0.9594716630494524,0.977,0.993374786591191,0.975154085642086,3376,55,37,532,0.9138,"{""max_depth"": null, ""max_features"": ""sqrt"", ""n_estimators"": 300}",63.9,16000,4000,2278,569,14.24,14.22
urlphish__smotetomek__svm__rnative__s1,urlphish,smotetomek,Hybrid,svm,,1,0.838006230529595,0.945518453427065,0.8885218827415358,0.8709190123290642,0.9576032954981434,0.96625,0.9903792517207166,0.951642784980195,3327,104,31,538,0.8898,"{""C"": 10, ""gamma"": ""scale"", ""kernel"": ""rbf""}",39.1,16000,4000,2278,569,14.24,14.22
urlphish__cost_sensitive__decision_tree__rnative__s1,urlphish,cost_sensitive,Algorithm-level,decision_tree,,1,0.859375,0.8699472759226714,0.8646288209606987,0.8420400060598284,0.9231694992262732,0.96125,0.9238594762219176,0.7758306933344099,3350,81,74,495,0.8672,"{""criterion"": ""entropy"", ""max_depth"": 20, ""min_samples_split"": 2}",3.2,16000,4000,2278,569,14.24,14.22
urlphish__cost_sensitive__random_forest__rnative__s1,urlphish,cost_sensitive,Algorithm-level,random_forest,,1,0.9395604395604396,0.9015817223198594,0.9201793721973096,0.9075197901173684,0.9459817676012006,0.97775,0.9935066864251764,0.9729736334754522,3398,33,56,513,0.9029,"{""max_depth"": 20, ""max_features"": ""sqrt"", ""n_estimators"": 300}",20.3,16000,4000,2278,569,14.24,14.22
urlphish__cost_sensitive__svm__rnative__s1,urlphish,cost_sensitive,Algorithm-level,svm,,1,0.8289676425269645,0.945518453427065,0.883415435139573,0.865180731400728,0.9565831847432614,0.9645,0.9909949550234372,0.9545117217824975,3320,111,31,538,0.8947,"{""C"": 10, ""gamma"": ""scale"", ""kernel"": ""rbf""}",13.4,16000,4000,2278,569,14.24,14.22
urlphish__none__decision_tree__rnative__s2,urlphish,none,Baseline,decision_tree,,2,0.904494382022472,0.8488576449912126,0.8757932910244787,0.8565329619859323,0.916996586995752,0.96575,0.9650675455208098,0.8950146485028365,3380,51,86,483,0.8718,"{""criterion"": ""entropy"", ""max_depth"": 10, ""min_samples_split"": 10}",4.7,16000,4000,2278,569,14.24,14.22
urlphish__none__random_forest__rnative__s2,urlphish,none,Baseline,random_forest,,2,0.9476635514018692,0.8910369068541301,0.9184782608695652,0.9060198299816746,0.9414380104075372,0.9775,0.990378483372169,0.968902125534778,3403,28,62,507,0.8969,"{""max_depth"": 20, ""max_features"": ""sqrt"", ""n_estimators"": 100}",19.9,16000,4000,2278,569,14.24,14.22
urlphish__none__svm__rnative__s2,urlphish,none,Baseline,svm,,2,0.9314814814814816,0.8840070298769771,0.9071235347159604,0.8925996866014787,0.9366115009483982,0.97425,0.9889337319867086,0.9511907765191316,3394,37,66,503,0.9,"{""C"": 10, ""gamma"": ""scale"", ""kernel"": ""rbf""}",10.7,16000,4000,2278,569,14.24,14.22
urlphish__random_oversampling__decision_tree__rnative__s2,urlphish,random_oversampling,Data-level (resampling),decision_tree,,2,0.8859180035650623,0.8734622144112478,0.8796460176991151,0.8598801788564316,0.927404380303846,0.966,0.9283545713409064,0.8055491531639858,3367,64,72,497,0.8572,"{""criterion"": ""entropy"", ""max_depth"": null, ""min_samples_split"": 2}",3.8,16000,4000,2278,569,14.24,14.22
urlphish__random_oversampling__random_forest__rnative__s2,urlphish,random_oversampling,Data-level (resampling),random_forest,,2,0.9015817223198594,0.9015817223198594,0.9015817223198594,0.8852599502417481,0.942629975120874,0.972,0.992094461794893,0.96821381676815,3375,56,56,513,0.8872,"{""max_depth"": 20, ""max_features"": ""sqrt"", ""n_estimators"": 300}",31.4,16000,4000,2278,569,14.24,14.22
urlphish__random_oversampling__svm__rnative__s2,urlphish,random_oversampling,Data-level (resampling),svm,,2,0.8184568835098336,0.9507908611599296,0.8796747967479676,0.8613221319783615,0.9579078176391314,0.963,0.9871701159540404,0.926297401896234,3311,120,28,541,0.864,"{""C"": 10, ""gamma"": ""scale"", ""kernel"": ""rbf""}",35.1,16000,4000,2278,569,14.24,14.22
urlphish__random_undersampling__decision_tree__rnative__s2,urlphish,random_undersampling,Data-level (resampling),decision_tree,,2,0.7341772151898734,0.9173989455184536,0.8156249999999999,0.7878883353655557,0.931156482377414,0.941,0.9531166522131768,0.7914284461895043,3242,189,47,522,0.7939,"{""criterion"": ""entropy"", ""max_depth"": 10, ""min_samples_split"": 10}",2.8,16000,4000,2278,569,14.24,14.22
urlphish__random_undersampling__random_forest__rnative__s2,urlphish,random_undersampling,Data-level (resampling),random_forest,,2,0.7600554785020804,0.9630931458699472,0.8496124031007752,0.829358267485371,0.9563352642786052,0.9515,0.992494515271952,0.967564690422842,3258,173,21,548,0.8258,"{""max_depth"": 20, ""max_features"": ""sqrt"", ""n_estimators"": 300}",11.1,16000,4000,2278,569,14.24,14.22
urlphish__random_undersampling__svm__rnative__s2,urlphish,random_undersampling,Data-level (resampling),svm,,2,0.7611111111111111,0.9630931458699472,0.8502715283165244,0.8300724849146853,0.9564809943864456,0.95175,0.9861866298132554,0.9217703920356446,3259,172,21,548,0.8398,"{""C"": 10, ""gamma"": ""scale"", ""kernel"": ""rbf""}",4.5,16000,4000,2278,569,14.24,14.22
urlphish__smote__decision_tree__rnative__s2,urlphish,smote,Data-level (synthetic),decision_tree,,2,0.8462837837837838,0.8804920913884007,0.8630490956072351,0.8400363111082634,0.926984605880735,0.96025,0.9282728702786902,0.7646226333379232,3340,91,68,501,0.8603,"{""criterion"": ""entropy"", ""max_depth"": null, ""min_samples_split"": 2}",5.2,16000,4000,2278,569,14.24,14.22
urlphish__smote__random_forest__rnative__s2,urlphish,smote,Data-level (synthetic),random_forest,,2,0.9102112676056338,0.9086115992970124,0.9094107299912048,0.8944031995752051,0.946873564148652,0.97425,0.9915955474713904,0.9686155822760508,3380,51,52,517,0.8931,"{""max_depth"": 20, ""max_features"": ""sqrt"", ""n_estimators"": 100}",42.9,16000,4000,2278,569,14.24,14.22
urlphish__smote__svm__rnative__s2,urlphish,smote,Data-level (synthetic),svm,,2,0.8348765432098766,0.9507908611599296,0.8890714872637634,0.8718226099251333,0.9598023090410548,0.96625,0.9867838927508364,0.9235320032566304,3324,107,28,541,0.8704,"{""C"": 10, ""gamma"": ""scale"", ""kernel"": ""rbf""}",33.4,16000,4000,2278,569,14.24,14.22
urlphish__adasyn__decision_tree__rnative__s2,urlphish,adasyn,Data-level (synthetic),decision_tree,,2,0.8605042016806723,0.8998242530755711,0.879725085910653,0.8595508993747158,0.9378165275870424,0.965,0.9394274983749428,0.7936902882125254,3348,83,57,512,0.8506,"{""criterion"": ""entropy"", ""max_depth"": null, ""min_samples_split"": 2}",7.2,16000,4000,2278,569,14.24,14.22
urlphish__adasyn__random_forest__rnative__s2,urlphish,adasyn,Data-level (synthetic),random_forest,,2,0.8970840480274442,0.9191564147627416,0.9079861111111112,0.8925997658563292,0.950834400910954,0.9735,0.9909224741437908,0.9584304232637668,3371,60,46,523,0.8886,"{""max_depth"": null, ""max_features"": ""sqrt"", ""n_estimators"": 100}",49.8,16000,4000,2278,569,14.24,14.22
urlphish__adasyn__svm__rnative__s2,urlphish,adasyn,Data-level (synthetic),svm,,2,0.6877370417193426,0.9560632688927944,0.7999999999999999,0.7753205952158239,0.942036297809848,0.932,0.9802155371345416,0.89617972528745,3184,247,25,544,0.7801,"{""C"": 10, ""gamma"": ""scale"", ""kernel"": ""rbf""}",56.9,16000,4000,2278,569,14.24,14.22
urlphish__smoteenn__decision_tree__rnative__s2,urlphish,smoteenn,Hybrid,decision_tree,,2,0.7981790591805766,0.9244288224956064,0.8566775244299675,0.8339784721750678,0.942832306905046,0.956,0.942832306905046,0.7486097278189514,3298,133,43,526,0.8504,"{""criterion"": ""entropy"", ""max_depth"": null, ""min_samples_split"": 2}",34.0,16000,4000,2278,569,14.24,14.22
urlphish__smoteenn__random_forest__rnative__s2,urlphish,smoteenn,Hybrid,random_forest,,2,0.85,0.9261862917398944,0.8864592094196804,0.8677824680296953,0.9495402458408012,0.96625,0.9894049857625016,0.9622696541798847,3338,93,42,527,0.8743,"{""max_depth"": null, ""max_features"": ""sqrt"", ""n_estimators"": 100}",57.1,16000,4000,2278,569,14.24,14.22
urlphish__smoteenn__svm__rnative__s2,urlphish,smoteenn,Hybrid,svm,,2,0.7918486171761281,0.9560632688927944,0.8662420382165605,0.8468495116620613,0.9571922290252372,0.958,0.9866322719707986,0.9165193214538978,3288,143,25,544,0.8548,"{""C"": 10, ""gamma"": ""scale"", ""kernel"": ""rbf""}",31.1,16000,4000,2278,569,14.24,14.22
urlphish__smotetomek__decision_tree__rnative__s2,urlphish,smotetomek,Hybrid,decision_tree,,2,0.8632478632478633,0.8875219683655536,0.8752166377816292,0.8542993103673795,0.9321025755555544,0.964,0.93337444851783,0.7846873436522437,3351,80,64,505,0.8656,"{""criterion"": ""entropy"", ""max_depth"": 20, ""min_samples_split"": 2}",33.9,16000,4000,2278,569,14.24,14.22
urlphish__smotetomek__random_forest__rnative__s2,urlphish,smotetomek,Hybrid,random_forest,,2,0.9040139616055848,0.9103690685413004,0.9071803852889666,0.89173164870402,0.9471693783394348,0.9735,0.991564301297126,0.9682102155780936,3376,55,51,518,0.8925,"{""max_depth"": 20, ""max_features"": ""sqrt"", ""n_estimators"": 300}",63.9,16000,4000,2278,569,14.24,14.22
urlphish__smotetomek__svm__rnative__s2,urlphish,smotetomek,Hybrid,svm,,2,0.8361669242658424,0.9507908611599296,0.8898026315789475,0.8726424640268209,0.9599480391488951,0.9665,0.98655236372186,0.923121053269218,3325,106,28,541,0.8698,"{""C"": 10, ""gamma"": ""scale"", ""kernel"": ""rbf""}",43.1,16000,4000,2278,569,14.24,14.22
urlphish__cost_sensitive__decision_tree__rnative__s2,urlphish,cost_sensitive,Algorithm-level,decision_tree,,2,0.8685121107266436,0.8822495606326889,0.8753269398430689,0.8544975133150773,0.9300492921204832,0.96425,0.9311890091325908,0.7978598402779715,3355,76,67,502,0.8611,"{""criterion"": ""entropy"", ""max_depth"": null, ""min_samples_split"": 2}",3.3,16000,4000,2278,569,14.24,14.22
urlphish__cost_sensitive__random_forest__rnative__s2,urlphish,cost_sensitive,Algorithm-level,random_forest,,2,0.9488636363636364,0.8804920913884007,0.9134001823154057,0.9005050691387724,0.9363113327825128,0.97625,0.992155929678692,0.9688369326265192,3404,27,68,501,0.8914,"{""max_depth"": 20, ""max_features"": ""sqrt"", ""n_estimators"": 300}",20.3,16000,4000,2278,569,14.24,14.22
urlphish__cost_sensitive__svm__rnative__s2,urlphish,cost_sensitive,Algorithm-level,svm,,2,0.8424336973478939,0.9490333919156416,0.8925619834710744,0.875647892263865,0.9597979550659526,0.9675,0.987393961497542,0.9253389009114384,3330,101,29,540,0.8759,"{""C"": 10, ""gamma"": ""scale"", ""kernel"": ""rbf""}",15.2,16000,4000,2278,569,14.24,14.22
urlphish__none__decision_tree__rnative__s42,urlphish,none,Baseline,decision_tree,,42,0.8973880597014925,0.8453427065026362,0.8705882352941177,0.8503805374070461,0.9146561973201028,0.96425,0.9379707095289048,0.8458758577292756,3376,55,88,481,0.8728,"{""criterion"": ""entropy"", ""max_depth"": 10, ""min_samples_split"": 2}",4.6,16000,4000,2278,569,14.24,14.22
urlphish__none__random_forest__rnative__s42,urlphish,none,Baseline,random_forest,,42,0.9611650485436892,0.8699472759226714,0.9132841328413284,0.901227788414387,0.93205903580453,0.9765,0.9863093094646712,0.9666479652140108,3411,20,74,495,0.9064,"{""max_depth"": 20, ""max_features"": ""sqrt"", ""n_estimators"": 300}",20.5,16000,4000,2278,569,14.24,14.22
urlphish__none__svm__rnative__s42,urlphish,none,Baseline,svm,,42,0.947565543071161,0.8892794376098418,0.9174977334542158,0.9049319663201082,0.9405592757853932,0.97725,0.98770565489164,0.9675281116532428,3403,28,63,506,0.917,"{""C"": 10, ""gamma"": ""scale"", ""kernel"": ""rbf""}",10.2,16000,4000,2278,569,14.24,14.22
urlphish__random_oversampling__decision_tree__rnative__s42,urlphish,random_oversampling,Data-level (resampling),decision_tree,,42,0.8988970588235294,0.859402460456942,0.8787061994609164,0.8594080756111144,0.9216860742972556,0.96625,0.9217111736831402,0.7953649504860603,3376,55,80,489,0.8706,"{""criterion"": ""entropy"", ""max_depth"": null, ""min_samples_split"": 2}",3.7,16000,4000,2278,569,14.24,14.22
urlphish__random_oversampling__random_forest__rnative__s42,urlphish,random_oversampling,Data-level (resampling),random_forest,,42,0.9404096834264432,0.8875219683655536,0.9132007233273056,0.8997962588479211,0.9390976207318878,0.976,0.9865874516388616,0.9612915903746072,3399,32,64,505,0.9033,"{""max_depth"": null, ""max_features"": ""sqrt"", ""n_estimators"": 300}",30.9,16000,4000,2278,569,14.24,14.22
urlphish__random_oversampling__svm__rnative__s42,urlphish,random_oversampling,Data-level (resampling),svm,,42,0.8367346938775511,0.936731107205624,0.8839137645107795,0.8652915450316596,0.9532096223874228,0.965,0.9861443706431436,0.955507431650758,3327,104,36,533,0.8783,"{""C"": 10, ""gamma"": ""scale"", ""kernel"": ""rbf""}",32.8,16000,4000,2278,569,14.24,14.22
urlphish__random_undersampling__decision_tree__rnative__s42,urlphish,random_undersampling,Data-level (resampling),decision_tree,,42,0.7131147540983607,0.9173989455184536,0.8024596464258262,0.7734660318874206,0.928096150112768,0.93575,0.9549563347520464,0.7485618467142536,3221,210,47,522,0.8015,"{""criterion"": ""gini"", ""max_depth"": 10, ""min_samples_split"": 10}",2.7,16000,4000,2278,569,14.24,14.22
urlphish__random_undersampling__random_forest__rnative__s42,urlphish,random_undersampling,Data-level (resampling),random_forest,,42,0.787701317715959,0.945518453427065,0.8594249201277955,0.8384836663090749,0.951628361076692,0.956,0.9875309836551774,0.9617956314550112,3286,145,31,538,0.8416,"{""max_depth"": 20, ""max_features"": ""sqrt"", ""n_estimators"": 100}",10.5,16000,4000,2278,569,14.24,14.22
urlphish__random_undersampling__svm__rnative__s42,urlphish,random_undersampling,Data-level (resampling),svm,,42,0.788235294117647,0.9420035149384886,0.8582866293034428,0.836953914583775,0.950016621940244,0.95575,0.9855778416474624,0.9483289761791404,3287,144,33,536,0.8572,"{""C"": 10, ""gamma"": ""scale"", ""kernel"": ""rbf""}",4.4,16000,4000,2278,569,14.24,14.22
urlphish__smote__decision_tree__rnative__s42,urlphish,smote,Data-level (synthetic),decision_tree,,42,0.8926654740608229,0.8769771528998243,0.8847517730496454,0.8658822712230008,0.9297447699794954,0.9675,0.943525613411063,0.8384699396110246,3371,60,70,499,0.873,"{""criterion"": ""entropy"", ""max_depth"": 20, ""min_samples_split"": 10}",5.1,16000,4000,2278,569,14.24,14.22
urlphish__smote__random_forest__rnative__s42,urlphish,smote,Data-level (synthetic),random_forest,,42,0.9309090909090908,0.8998242530755711,0.9151027703306523,0.901476915686092,0.9443743824398548,0.97625,0.9875617175970772,0.966440795492622,3393,38,57,512,0.9038,"{""max_depth"": 20, ""max_features"": ""sqrt"", ""n_estimators"": 100}",42.2,16000,4000,2278,569,14.24,14.22
urlphish__smote__svm__rnative__s42,urlphish,smote,Data-level (synthetic),svm,,42,0.8380952380952381,0.9279437609841829,0.8807339449541285,0.8613139535042023,0.9491074094923828,0.96425,0.9858196153237384,0.9551129431505336,3329,102,41,528,0.8865,"{""C"": 10, ""gamma"": ""scale"", ""kernel"": ""rbf""}",30.4,16000,4000,2278,569,14.24,14.22
urlphish__adasyn__decision_tree__rnative__s42,urlphish,adasyn,Data-level (synthetic),decision_tree,,42,0.8640275387263339,0.8822495606326889,0.8730434782608694,0.8517955715322284,0.9296121017969624,0.9635,0.9293890246020082,0.7790379164158516,3352,79,67,502,0.867,"{""criterion"": ""gini"", ""max_depth"": null, ""min_samples_split"": 2}",7.2,16000,4000,2278,569,14.24,14.22
urlphish__adasyn__random_forest__rnative__s42,urlphish,adasyn,Data-level (synthetic),random_forest,,42,0.9236234458259324,0.9138840070298768,0.9187279151943464,0.9053501513866188,0.9506756088778064,0.977,0.987491541763073,0.95905189184313,3388,43,49,520,0.901,"{""max_depth"": null, ""max_features"": ""sqrt"", ""n_estimators"": 300}",51.2,16000,4000,2278,569,14.24,14.22
urlphish__adasyn__svm__rnative__s42,urlphish,adasyn,Data-level (synthetic),svm,,42,0.7436619718309859,0.9279437609841829,0.8256450351837373,0.7998283496486404,0.9374490008651604,0.94425,0.9815778191092384,0.9352718842224816,3249,182,41,528,0.817,"{""C"": 10, ""gamma"": ""scale"", ""kernel"": ""rbf""}",50.7,16000,4000,2278,569,14.24,14.22
urlphish__smoteenn__decision_tree__rnative__s42,urlphish,smoteenn,Hybrid,decision_tree,,42,0.8357487922705314,0.9121265377855888,0.8722689075630251,0.8511202283262632,0.9411987978930858,0.962,0.9411987978930856,0.774808652352207,3329,102,50,519,0.8681,"{""criterion"": ""entropy"", ""max_depth"": null, ""min_samples_split"": 2}",33.8,16000,4000,2278,569,14.24,14.22
urlphish__smoteenn__random_forest__rnative__s42,urlphish,smoteenn,Hybrid,random_forest,,42,0.888507718696398,0.9103690685413004,0.8993055555555556,0.8824581598002648,0.945712077261032,0.971,0.983688728685371,0.9573477458310684,3366,65,51,518,0.8889,"{""max_depth"": 20, ""max_features"": ""sqrt"", ""n_estimators"": 100}",56.5,16000,4000,2278,569,14.24,14.22
urlphish__smoteenn__svm__rnative__s42,urlphish,smoteenn,Hybrid,svm,,42,0.8129713423831071,0.9472759226713532,0.875,0.8558827744121023,0.955567427963482,0.9615,0.9849037438551324,0.945316428793696,3307,124,30,539,0.8716,"{""C"": 10, ""gamma"": ""scale"", ""kernel"": ""rbf""}",30.2,16000,4000,2278,569,14.24,14.22
urlphish__smotetomek__decision_tree__rnative__s42,urlphish,smotetomek,Hybrid,decision_tree,,42,0.8884955752212389,0.8822495606326889,0.8853615520282186,0.866435267101162,0.9319437835224068,0.9675,0.9412361908557304,0.8354269735643327,3368,63,67,502,0.8712,"{""criterion"": ""entropy"", ""max_depth"": 20, ""min_samples_split"": 10}",34.0,16000,4000,2278,569,14.24,14.22
urlphish__smotetomek__random_forest__rnative__s42,urlphish,smotetomek,Hybrid,random_forest,,42,0.936131386861314,0.9015817223198594,0.918531781557744,0.9055324219371088,0.94569030738552,0.97725,0.9890745958870816,0.966777207417462,3396,35,56,513,0.9021,"{""max_depth"": 20, ""max_features"": ""sqrt"", ""n_estimators"": 300}",63.1,16000,4000,2278,569,14.24,14.22
urlphish__smotetomek__svm__rnative__s42,urlphish,smotetomek,Hybrid,svm,,42,0.8394276629570747,0.9279437609841829,0.8814691151919866,0.862150153303336,0.9492531396002232,0.9645,0.9857361214482449,0.954996471432922,3330,101,41,528,0.8867,"{""C"": 10, ""gamma"": ""scale"", ""kernel"": ""rbf""}",39.7,16000,4000,2278,569,14.24,14.22
urlphish__cost_sensitive__decision_tree__rnative__s42,urlphish,cost_sensitive,Algorithm-level,decision_tree,,42,0.8929219600725953,0.8646748681898067,0.8785714285714284,0.8589599113251657,0.9237393577323268,0.966,0.9239201757571692,0.795563932754352,3372,59,77,492,0.8651,"{""criterion"": ""entropy"", ""max_depth"": null, ""min_samples_split"": 2}",3.2,16000,4000,2278,569,14.24,14.22
urlphish__cost_sensitive__random_forest__rnative__s42,urlphish,cost_sensitive,Algorithm-level,random_forest,,42,0.9607843137254902,0.8611599297012302,0.9082483781278964,0.8957828919280819,0.9276653626938096,0.97525,0.9857520006515595,0.96471811799602,3411,20,79,490,0.9027,"{""max_depth"": null, ""max_features"": ""sqrt"", ""n_estimators"": 300}",20.2,16000,4000,2278,569,14.24,14.22
urlphish__cost_sensitive__svm__rnative__s42,urlphish,cost_sensitive,Algorithm-level,svm,,42,0.8505564387917329,0.9402460456942004,0.8931552587646077,0.8759123208277992,0.956424392710114,0.968,0.9859374287676868,0.9568704649196526,3337,94,34,535,0.8885,"{""C"": 10, ""gamma"": ""scale"", ""kernel"": ""rbf""}",14.1,16000,4000,2278,569,14.24,14.22
vrbancic__none__decision_tree__rnative__s1,vrbancic,none,Baseline,decision_tree,,1,0.9259786476868328,0.940708604483008,0.9332855093256814,0.8976678856547022,0.9504842219969492,0.9535,0.963609510207882,0.9051994983778928,2513,104,82,1301,0.9235,"{""criterion"": ""gini"", ""max_depth"": 10, ""min_samples_split"": 2}",6.4,16000,4000,5531,1383,34.57,34.58
vrbancic__none__random_forest__rnative__s1,vrbancic,none,Baseline,random_forest,,1,0.9362606232294618,0.9558929862617498,0.9459749552772808,0.9170857963945928,0.9607512313807792,0.96225,0.9929706234142356,0.9873713154586892,2527,90,61,1322,0.9438,"{""max_depth"": null, ""max_features"": ""sqrt"", ""n_estimators"": 300}",26.4,16000,4000,5531,1383,34.57,34.58
vrbancic__none__svm__rnative__s1,vrbancic,none,Baseline,svm,,1,0.9296591733139956,0.9269703543022416,0.9283128167994208,0.8905144289734186,0.9449525061537956,0.9505,0.9846531563604234,0.972251792816214,2520,97,101,1282,0.9238,"{""C"": 10, ""gamma"": ""scale"", ""kernel"": ""rbf""}",34.0,16000,4000,5531,1383,34.57,34.58
vrbancic__random_oversampling__decision_tree__rnative__s1,vrbancic,random_oversampling,Data-level (resampling),decision_tree,,1,0.897972972972973,0.9609544468546638,0.9283967865874956,0.8897993762690268,0.9516273953799494,0.94875,0.9648031075527912,0.9081906580569208,2466,151,54,1329,0.9187,"{""criterion"": ""gini"", ""max_depth"": 10, ""min_samples_split"": 2}",5.7,16000,4000,5531,1383,34.57,34.58
vrbancic__random_oversampling__random_forest__rnative__s1,vrbancic,random_oversampling,Data-level (resampling),random_forest,,1,0.9269311064718164,0.9631236442516268,0.9446808510638298,0.914982121955966,0.9615006834173688,0.961,0.9928708806731448,0.9873905705911726,2512,105,51,1332,0.9442,"{""max_depth"": 20, ""max_features"": ""sqrt"", ""n_estimators"": 300}",33.8,16000,4000,5531,1383,34.57,34.58
vrbancic__random_oversampling__svm__rnative__s1,vrbancic,random_oversampling,Data-level (resampling),svm,,1,0.8909214092140921,0.950831525668836,0.9199020636586218,0.8765538774173303,0.944655350148136,0.94275,0.985135016029294,0.970254103222662,2456,161,68,1315,0.9205,"{""C"": 10, ""gamma"": 0.01, ""kernel"": ""rbf""}",52.5,16000,4000,5531,1383,34.57,34.58
vrbancic__random_undersampling__decision_tree__rnative__s1,vrbancic,random_undersampling,Data-level (resampling),decision_tree,,1,0.8891142663962136,0.950831525668836,0.9189378057302584,0.8750558617289275,0.944082174756466,0.942,0.9632736728067856,0.8935315631210168,2453,164,68,1315,0.9172,"{""criterion"": ""gini"", ""max_depth"": 10, ""min_samples_split"": 10}",4.6,16000,4000,5531,1383,34.57,34.58
vrbancic__random_undersampling__random_forest__rnative__s1,vrbancic,random_undersampling,Data-level (resampling),random_forest,,1,0.9091525423728812,0.9696312364425164,0.9384184744576628,0.9053805517831592,0.9592137840600048,0.956,0.9914874681949134,0.9843442889927102,2483,134,42,1341,0.9359,"{""max_depth"": 20, ""max_features"": ""sqrt"", ""n_estimators"": 100}",19.7,16000,4000,5531,1383,34.57,34.58
vrbancic__random_undersampling__svm__rnative__s1,vrbancic,random_undersampling,Data-level (resampling),svm,,1,0.8856758574310692,0.9522776572668112,0.9177700348432056,0.8732536439523652,0.943658889772114,0.941,0.9849515556966506,0.9699807398973872,2447,170,66,1317,0.9155,"{""C"": 10, ""gamma"": 0.01, ""kernel"": ""rbf""}",18.0,16000,4000,5531,1383,34.57,34.58
vrbancic__smote__decision_tree__rnative__s1,vrbancic,smote,Data-level (synthetic),decision_tree,,1,0.911049339819319,0.9479392624728852,0.9291282778171508,0.8909454739982783,0.949514147858529,0.95,0.9706267297836522,0.9218263180222972,2489,128,72,1311,0.9202,"{""criterion"": ""gini"", ""max_depth"": 10, ""min_samples_split"": 10}",8.9,16000,4000,5531,1383,34.57,34.58
vrbancic__smote__random_forest__rnative__s1,vrbancic,smote,Data-level (synthetic),random_forest,,1,0.9305750350631136,0.9595083152566884,0.9448202207191172,0.9152262903421862,0.9608393697032392,0.96125,0.9924600289944688,0.9867050340925408,2518,99,56,1327,0.9444,"{""max_depth"": 20, ""max_features"": ""sqrt"", ""n_estimators"": 100}",38.8,16000,4000,5531,1383,34.57,34.58
vrbancic__smote__svm__rnative__s1,vrbancic,smote,Data-level (synthetic),svm,,1,0.8935879945429741,0.9472161966738972,0.9196209196209196,0.8761185358084879,0.9438029779701164,0.94275,0.9852822816276356,0.970666626211804,2461,156,73,1310,0.9222,"{""C"": 10, ""gamma"": 0.01, ""kernel"": ""rbf""}",51.8,16000,4000,5531,1383,34.57,34.58
vrbancic__adasyn__decision_tree__rnative__s1,vrbancic,adasyn,Data-level (synthetic),decision_tree,,1,0.906993006993007,0.9378163412870572,0.9221471738357626,0.880236635204042,0.9434973949461652,0.94525,0.9437149777954976,0.8723157791406063,2484,133,86,1297,0.9137,"{""criterion"": ""entropy"", ""max_depth"": 20, ""min_samples_split"": 2}",14.6,16000,4000,5531,1383,34.57,34.58
vrbancic__adasyn__random_forest__rnative__s1,vrbancic,adasyn,Data-level (synthetic),random_forest,,1,0.9207443142660234,0.9660159074475776,0.9428369795342272,0.9121355421173496,0.9610362303764446,0.9595,0.992121843080078,0.985184275359409,2502,115,47,1336,0.9435,"{""max_depth"": null, ""max_features"": ""sqrt"", ""n_estimators"": 100}",42.6,16000,4000,5531,1383,34.57,34.58
vrbancic__adasyn__svm__rnative__s1,vrbancic,adasyn,Data-level (synthetic),svm,,1,0.8392969240426867,0.9667389732465654,0.898521505376344,0.8441999698221277,0.9344585198674554,0.9245,0.9829884748782296,0.9659267808025572,2361,256,46,1337,0.8981,"{""C"": 10, ""gamma"": ""scale"", ""kernel"": ""rbf""}",75.9,16000,4000,5531,1383,34.57,34.58
vrbancic__smoteenn__decision_tree__rnative__s1,vrbancic,smoteenn,Hybrid,decision_tree,,1,0.8903182125930941,0.950831525668836,0.9195804195804196,0.876054146526503,0.944464291684246,0.9425,0.9554120936277652,0.8779654068986561,2455,162,68,1315,0.9176,"{""criterion"": ""entropy"", ""max_depth"": 10, ""min_samples_split"": 2}",36.1,16000,4000,5531,1383,34.57,34.58
vrbancic__smoteenn__random_forest__rnative__s1,vrbancic,smoteenn,Hybrid,random_forest,,1,0.8925233644859814,0.9667389732465654,0.9281499479347448,0.8895423807628277,0.9526090739370008,0.94825,0.9885338673576268,0.9777279391317184,2456,161,46,1337,0.9228,"{""max_depth"": null, ""max_features"": ""sqrt"", ""n_estimators"": 300}",49.6,16000,4000,5531,1383,34.57,34.58
vrbancic__smoteenn__svm__rnative__s1,vrbancic,smoteenn,Hybrid,svm,,1,0.873921698739217,0.9522776572668112,0.9114186851211074,0.8634111511292402,0.9398377204943152,0.936,0.980456501251205,0.957667933970206,2427,190,66,1317,0.9107,"{""C"": 10, ""gamma"": ""scale"", ""kernel"": ""rbf""}",30.3,16000,4000,5531,1383,34.57,34.58
vrbancic__smotetomek__decision_tree__rnative__s1,vrbancic,smotetomek,Hybrid,decision_tree,,1,0.9182389937106918,0.9501084598698482,0.9339019189765458,0.8983631852995336,0.9527003896598,0.9535,0.9679282880084084,0.9207496882473436,2500,117,69,1314,0.9225,"{""criterion"": ""gini"", ""max_depth"": 10, ""min_samples_split"": 10}",36.5,16000,4000,5531,1383,34.57,34.58
vrbancic__smotetomek__random_forest__rnative__s1,vrbancic,smotetomek,Hybrid,random_forest,,1,0.9242002781641168,0.9609544468546638,0.9422190712513294,0.9111774318026756,0.9596518508633274,0.95925,0.9920773594753256,0.9861069933272104,2508,109,54,1329,0.9436,"{""max_depth"": null, ""max_features"": ""sqrt"", ""n_estimators"": 300}",58.0,16000,4000,5531,1383,34.57,34.58
vrbancic__smotetomek__svm__rnative__s1,vrbancic,smotetomek,Hybrid,svm,,1,0.8924438393464942,0.9479392624728852,0.9193548387096776,0.8757014022833828,0.9437823939418304,0.9425,0.9851593300492828,0.9701362308663972,2459,158,72,1311,0.9215,"{""C"": 10, ""gamma"": ""scale"", ""kernel"": ""rbf""}",59.0,16000,4000,5531,1383,34.57,34.58
vrbancic__cost_sensitive__decision_tree__rnative__s1,vrbancic,cost_sensitive,Algorithm-level,decision_tree,,1,0.9013022618231664,0.950831525668836,0.9254046446164672,0.8851100530009385,0.947903344034265,0.947,0.9596468775410568,0.8946157761003026,2473,144,68,1315,0.9206,"{""criterion"": ""gini"", ""max_depth"": 10, ""min_samples_split"": 2}",5.0,16000,4000,5531,1383,34.57,34.58
vrbancic__cost_sensitive__random_forest__rnative__s1,vrbancic,cost_sensitive,Algorithm-level,random_forest,,1,0.9355980184005662,0.9558929862617498,0.9456366237482116,0.9165581663808836,0.9605601729168892,0.962,0.9927480672426324,0.987098483967853,2526,91,61,1322,0.9437,"{""max_depth"": null, ""max_features"": ""sqrt"", ""n_estimators"": 300}",26.9,16000,4000,5531,1383,34.57,34.58
vrbancic__cost_sensitive__svm__rnative__s1,vrbancic,cost_sensitive,Algorithm-level,svm,,1,0.8871621621621621,0.9493853940708604,0.9172196996157876,0.8723798678689431,0.9427859335658084,0.94075,0.9854312050000676,0.9709384004411044,2450,167,70,1313,0.9204,"{""C"": 10, ""gamma"": ""scale"", ""kernel"": ""rbf""}",35.7,16000,4000,5531,1383,34.57,34.58
vrbancic__none__decision_tree__rnative__s2,vrbancic,none,Baseline,decision_tree,,2,0.8991596638655462,0.928416485900217,0.9135538954108858,0.8670065934809218,0.9366958241499556,0.93925,0.9613599107675468,0.8984828358241616,2473,144,99,1284,0.9243,"{""criterion"": ""gini"", ""max_depth"": 10, ""min_samples_split"": 10}",6.3,16000,4000,5531,1383,34.57,34.58
vrbancic__none__random_forest__rnative__s2,vrbancic,none,Baseline,random_forest,,2,0.9226441631504922,0.9486623282718728,0.9354723707664884,0.900848016308896,0.9533147331080418,0.95475,0.9915584761851082,0.9840239731905528,2507,110,71,1312,0.9466,"{""max_depth"": 20, ""max_features"": ""sqrt"", ""n_estimators"": 100}",25.2,16000,4000,5531,1383,34.57,34.58
vrbancic__none__svm__rnative__s2,vrbancic,none,Baseline,svm,,2,0.9287272727272728,0.923355025307303,0.9260333575054388,0.8871261053339402,0.9429537831924364,0.949,0.9853014841775132,0.9687279616307396,2519,98,106,1277,0.9211,"{""C"": 10, ""gamma"": ""scale"", ""kernel"": ""rbf""}",34.3,16000,4000,5531,1383,34.57,34.58
vrbancic__random_oversampling__decision_tree__rnative__s2,vrbancic,random_oversampling,Data-level (resampling),decision_tree,,2,0.8730053191489362,0.9493853940708604,0.909594735019051,0.8605371766809276,0.9382005304324496,0.93475,0.9564957252913608,0.8805437075933078,2426,191,70,1313,0.9225,"{""criterion"": ""gini"", ""max_depth"": 10, ""min_samples_split"": 2}",5.7,16000,4000,5531,1383,34.57,34.58
vrbancic__random_oversampling__random_forest__rnative__s2,vrbancic,random_oversampling,Data-level (resampling),random_forest,,2,0.9173611111111112,0.955169920462762,0.9358838115479984,0.9013821747892388,0.9548490030284768,0.95475,0.991383719166438,0.9830682047210292,2498,119,62,1321,0.945,"{""max_depth"": null, ""max_features"": ""sqrt"", ""n_estimators"": 100}",32.2,16000,4000,5531,1383,34.57,34.58
vrbancic__random_oversampling__svm__rnative__s2,vrbancic,random_oversampling,Data-level (resampling),svm,,2,0.8902439024390244,0.9501084598698482,0.919202518363064,0.8754645481153439,0.944102758784752,0.94225,0.9855614784139854,0.9678336782097908,2455,162,69,1314,0.919,"{""C"": 10, ""gamma"": 0.01, ""kernel"": ""rbf""}",53.1,16000,4000,5531,1383,34.57,34.58
vrbancic__random_undersampling__decision_tree__rnative__s2,vrbancic,random_undersampling,Data-level (resampling),decision_tree,,2,0.8801346801346801,0.9450469992769344,0.9114365411436542,0.8633666549561243,0.938515093066056,0.9365,0.957818214571779,0.8814117051640779,2439,178,76,1307,0.9165,"{""criterion"": ""gini"", ""max_depth"": 10, ""min_samples_split"": 10}",4.6,16000,4000,5531,1383,34.57,34.58
vrbancic__random_undersampling__random_forest__rnative__s2,vrbancic,random_undersampling,Data-level (resampling),random_forest,,2,0.8931195724782899,0.9667389732465654,0.9284722222222224,0.8900372172844581,0.9528001324008908,0.9485,0.9898535936812284,0.97815073028054,2457,160,46,1337,0.9377,"{""max_depth"": null, ""max_features"": ""sqrt"", ""n_estimators"": 100}",19.4,16000,4000,5531,1383,34.57,34.58
vrbancic__random_undersampling__svm__rnative__s2,vrbancic,random_undersampling,Data-level (resampling),svm,,2,0.8807461692205196,0.9558929862617498,0.9167822468793342,0.8717760433823618,0.9437470280945738,0.94,0.9844911089431108,0.9660367447579216,2438,179,61,1322,0.9115,"{""C"": 10, ""gamma"": 0.01, ""kernel"": ""rbf""}",18.0,16000,4000,5531,1383,34.57,34.58
vrbancic__smote__decision_tree__rnative__s2,vrbancic,smote,Data-level (synthetic),decision_tree,,2,0.8876786929884275,0.9428778018799712,0.9144460028050492,0.8680685279988788,0.9399142543981438,0.939,0.9650508066314278,0.9156200759549926,2452,165,79,1304,0.9201,"{""criterion"": ""entropy"", ""max_depth"": 10, ""min_samples_split"": 10}",8.8,16000,4000,5531,1383,34.57,34.58
vrbancic__smote__random_forest__rnative__s2,vrbancic,smote,Data-level (synthetic),random_forest,,2,0.9137336093857832,0.9573391178597253,0.9350282485875706,0.9000399909118454,0.9547872509436188,0.954,0.9919823137608236,0.9846651282837467,2492,125,59,1324,0.946,"{""max_depth"": null, ""max_features"": ""sqrt"", ""n_estimators"": 300}",39.4,16000,4000,5531,1383,34.57,34.58
vrbancic__smote__svm__rnative__s2,vrbancic,smote,Data-level (synthetic),svm,,2,0.8959891230455472,0.953000723065799,0.9236159775753328,0.8823287446179692,0.9472684165577372,0.9455,0.9855924235303348,0.9688376271730728,2464,153,65,1318,0.9175,"{""C"": 10, ""gamma"": 0.01, ""kernel"": ""rbf""}",52.9,16000,4000,5531,1383,34.57,34.58
vrbancic__adasyn__decision_tree__rnative__s2,vrbancic,adasyn,Data-level (synthetic),decision_tree,,2,0.8550161812297734,0.955169920462762,0.9023224043715844,0.849435428285323,0.934787864320032,0.9285,0.9579360546800206,0.8958592122810971,2393,224,62,1321,0.9168,"{""criterion"": ""entropy"", ""max_depth"": 10, ""min_samples_split"": 2}",14.7,16000,4000,5531,1383,34.57,34.58
vrbancic__adasyn__random_forest__rnative__s2,vrbancic,adasyn,Data-level (synthetic),random_forest,,2,0.9075458871515976,0.96529284164859,0.9355290819901892,0.9008604424534452,0.9566624697352616,0.954,0.9918530073817916,0.9841454543214452,2481,136,48,1335,0.9448,"{""max_depth"": null, ""max_features"": ""sqrt"", ""n_estimators"": 100}",42.4,16000,4000,5531,1383,34.57,34.58
vrbancic__adasyn__svm__rnative__s2,vrbancic,adasyn,Data-level (synthetic),svm,,2,0.8377874456183965,0.9746926970354304,0.9010695187165776,0.8486594062686833,0.937480089442438,0.926,0.9824611645697204,0.9615846322887284,2356,261,35,1348,0.8953,"{""C"": 10, ""gamma"": ""scale"", ""kernel"": ""rbf""}",77.2,16000,4000,5531,1383,34.57,34.58
vrbancic__smoteenn__decision_tree__rnative__s2,vrbancic,smoteenn,Hybrid,decision_tree,,2,0.8816489361702128,0.9587852494577006,0.918600623484586,0.8746444858301398,0.9453842181564392,0.94125,0.9453842181564392,0.8595619952000738,2439,178,57,1326,0.9202,"{""criterion"": ""entropy"", ""max_depth"": null, ""min_samples_split"": 2}",36.2,16000,4000,5531,1383,34.57,34.58
vrbancic__smoteenn__random_forest__rnative__s2,vrbancic,smoteenn,Hybrid,random_forest,,2,0.8817345597897503,0.970354302241504,0.9239242685025816,0.8831937645341853,0.950786627620561,0.94475,0.9862446194869688,0.9733904930191266,2437,180,41,1342,0.9242,"{""max_depth"": null, ""max_features"": ""sqrt"", ""n_estimators"": 300}",49.0,16000,4000,5531,1383,34.57,34.58
vrbancic__smoteenn__svm__rnative__s2,vrbancic,smoteenn,Hybrid,svm,,2,0.864109232769831,0.9609544468546638,0.9099623416638136,0.8614141903903034,0.9405460044743325,0.93425,0.9786837881574696,0.9511498825113794,2408,209,54,1329,0.904,"{""C"": 10, ""gamma"": 0.01, ""kernel"": ""rbf""}",29.8,16000,4000,5531,1383,34.57,34.58
vrbancic__smotetomek__decision_tree__rnative__s2,vrbancic,smotetomek,Hybrid,decision_tree,,2,0.8868686868686869,0.9522776572668112,0.9184100418410042,0.8742463023047835,0.944041006699894,0.9415,0.9596445290277624,0.8946392642286218,2449,168,66,1317,0.9239,"{""criterion"": ""gini"", ""max_depth"": 10, ""min_samples_split"": 2}",36.6,16000,4000,5531,1383,34.57,34.58
vrbancic__smotetomek__random_forest__rnative__s2,vrbancic,smotetomek,Hybrid,random_forest,,2,0.9150552486187844,0.958062183658713,0.9360649947015188,0.9016462351065718,0.9555309007708924,0.95475,0.9911068708933828,0.983561142836361,2494,123,58,1325,0.9455,"{""max_depth"": null, ""max_features"": ""sqrt"", ""n_estimators"": 300}",57.9,16000,4000,5531,1383,34.57,34.58
vrbancic__smotetomek__svm__rnative__s2,vrbancic,smotetomek,Hybrid,svm,,2,0.897208985704561,0.953000723065799,0.9242636746143056,0.8833342765678867,0.947650533485517,0.946,0.985455104576534,0.9684110986219028,2466,151,65,1318,0.9171,"{""C"": 10, ""gamma"": 0.01, ""kernel"": ""rbf""}",58.8,16000,4000,5531,1383,34.57,34.58
vrbancic__cost_sensitive__decision_tree__rnative__s2,vrbancic,cost_sensitive,Algorithm-level,decision_tree,,2,0.883177570093458,0.9566160520607376,0.9184311003123916,0.8743377626632233,0.9448727948496274,0.94125,0.9633428848750496,0.9007559170986266,2442,175,60,1323,0.9248,"{""criterion"": ""gini"", ""max_depth"": 10, ""min_samples_split"": 2}",4.9,16000,4000,5531,1383,34.57,34.58
vrbancic__cost_sensitive__random_forest__rnative__s2,vrbancic,cost_sensitive,Algorithm-level,random_forest,,2,0.9195241427571728,0.9501084598698482,0.9345661450924608,0.8994004257482022,0.95308250658758,0.954,0.9903560373783852,0.9819554877481071,2502,115,69,1314,0.9458,"{""max_depth"": null, ""max_features"": ""sqrt"", ""n_estimators"": 100}",25.3,16000,4000,5531,1383,34.57,34.58
vrbancic__cost_sensitive__svm__rnative__s2,vrbancic,cost_sensitive,Algorithm-level,svm,,2,0.8894133513149022,0.9537237888647868,0.9204466154919748,0.8774170424100882,0.9455283063544416,0.943,0.9852766175661613,0.966950239952243,2453,164,64,1319,0.9182,"{""C"": 10, ""gamma"": ""scale"", ""kernel"": ""rbf""}",35.2,16000,4000,5531,1383,34.57,34.58
vrbancic__none__decision_tree__rnative__s42,vrbancic,none,Baseline,decision_tree,,42,0.9243085880640466,0.918293564714389,0.921291258614436,0.8799143289734138,0.9392767021126396,0.94575,0.9581961870643334,0.9067882131006236,2513,104,113,1270,0.9216,"{""criterion"": ""gini"", ""max_depth"": 10, ""min_samples_split"": 2}",6.3,16000,4000,5531,1383,34.57,34.58
vrbancic__none__random_forest__rnative__s42,vrbancic,none,Baseline,random_forest,,42,0.9428979300499644,0.955169920462762,0.9489942528735632,0.9218173947995764,0.962300283120185,0.9645,0.99205194027261,0.9860057403962078,2537,80,62,1321,0.9429,"{""max_depth"": null, ""max_features"": ""sqrt"", ""n_estimators"": 300}",26.3,16000,4000,5531,1383,34.57,34.58
vrbancic__none__svm__rnative__s42,vrbancic,none,Baseline,svm,,42,0.924087591240876,0.915401301518438,0.9197239375227024,0.8776288093871866,0.9378305705146642,0.94475,0.985142199717018,0.9727999238642988,2513,104,117,1266,0.9191,"{""C"": 10, ""gamma"": 0.01, ""kernel"": ""rbf""}",33.8,16000,4000,5531,1383,34.57,34.58
vrbancic__random_oversampling__decision_tree__rnative__s42,vrbancic,random_oversampling,Data-level (resampling),decision_tree,,42,0.896049896049896,0.9349240780911064,0.9150743099787688,0.8691891016320991,0.9388032694620606,0.94,0.9605044993370284,0.911556753004766,2467,150,90,1293,0.922,"{""criterion"": ""gini"", ""max_depth"": 10, ""min_samples_split"": 2}",5.9,16000,4000,5531,1383,34.57,34.58
vrbancic__random_oversampling__random_forest__rnative__s42,vrbancic,random_oversampling,Data-level (resampling),random_forest,,42,0.9306236860546602,0.960231381055676,0.9451957295373666,0.9158012162038528,0.9612009026027328,0.9615,0.9918072804464718,0.9854379031980977,2518,99,55,1328,0.9425,"{""max_depth"": null, ""max_features"": ""sqrt"", ""n_estimators"": 300}",33.9,16000,4000,5531,1383,34.57,34.58
vrbancic__random_oversampling__svm__rnative__s42,vrbancic,random_oversampling,Data-level (resampling),svm,,42,0.9005563282336578,0.9363702096890816,0.9181141439205954,0.8739333774931463,0.940863744508278,0.94225,0.9846404467590656,0.96939569955039,2474,143,88,1295,0.9179,"{""C"": 10, ""gamma"": 0.01, ""kernel"": ""rbf""}",52.7,16000,4000,5531,1383,34.57,34.58
vrbancic__random_undersampling__decision_tree__rnative__s42,vrbancic,random_undersampling,Data-level (resampling),decision_tree,,42,0.8988995873452544,0.9450469992769344,0.9213958406767712,0.8789064189763514,0.9444379054466444,0.94425,0.9599052140034388,0.89087374563278,2470,147,76,1307,0.9155,"{""criterion"": ""gini"", ""max_depth"": 10, ""min_samples_split"": 2}",4.6,16000,4000,5531,1383,34.57,34.58
vrbancic__random_undersampling__random_forest__rnative__s42,vrbancic,random_undersampling,Data-level (resampling),random_forest,,42,0.9089673913043478,0.9674620390455532,0.9373029772329248,0.9036254766703228,0.9581291853615233,0.95525,0.9915543317498828,0.9844347923629932,2483,134,45,1338,0.9319,"{""max_depth"": null, ""max_features"": ""sqrt"", ""n_estimators"": 300}",20.3,16000,4000,5531,1383,34.57,34.58
vrbancic__random_undersampling__svm__rnative__s42,vrbancic,random_undersampling,Data-level (resampling),svm,,42,0.8939393939393939,0.9385394070860448,0.9156966490299824,0.8700841655389584,0.93984670010397,0.94025,0.9828845877019134,0.9655664972744892,2463,154,85,1298,0.9118,"{""C"": 10, ""gamma"": 0.01, ""kernel"": ""rbf""}",17.8,16000,4000,5531,1383,34.57,34.58
vrbancic__smote__decision_tree__rnative__s42,vrbancic,smote,Data-level (synthetic),decision_tree,,42,0.8958770090845563,0.9269703543022416,0.9111584932480454,0.8632722334051702,0.935017466031518,0.9375,0.9658230530617568,0.921976271831604,2468,149,101,1282,0.9229,"{""criterion"": ""gini"", ""max_depth"": 10, ""min_samples_split"": 10}",9.0,16000,4000,5531,1383,34.57,34.58
vrbancic__smote__random_forest__rnative__s42,vrbancic,smote,Data-level (synthetic),random_forest,,42,0.9331926863572432,0.9595083152566884,0.9461675579322636,0.9173200432642304,0.9616036035587988,0.96225,0.9920378491928435,0.9852837717371083,2522,95,56,1327,0.9417,"{""max_depth"": 20, ""max_features"": ""sqrt"", ""n_estimators"": 100}",39.1,16000,4000,5531,1383,34.57,34.58
vrbancic__smote__svm__rnative__s42,vrbancic,smote,Data-level (synthetic),svm,,42,0.9030006978367062,0.935647143890094,0.9190340909090908,0.8754025791756374,0.941266445464344,0.943,0.9846451437856544,0.9700053787689352,2478,139,89,1294,0.9203,"{""C"": 10, ""gamma"": 0.01, ""kernel"": ""rbf""}",51.0,16000,4000,5531,1383,34.57,34.58
vrbancic__adasyn__decision_tree__rnative__s42,vrbancic,adasyn,Data-level (synthetic),decision_tree,,42,0.8840482573726541,0.9537237888647868,0.9175652173913044,0.872952592981184,0.943808780179432,0.94075,0.9593512411616464,0.8987589137547005,2444,173,64,1319,0.9157,"{""criterion"": ""gini"", ""max_depth"": 10, ""min_samples_split"": 2}",14.6,16000,4000,5531,1383,34.57,34.58
vrbancic__adasyn__random_forest__rnative__s42,vrbancic,adasyn,Data-level (synthetic),random_forest,,42,0.9220151828847482,0.9660159074475776,0.9435028248587572,0.9131631642104632,0.9614183473042244,0.96,0.9923787980640514,0.9855443946555628,2504,113,47,1336,0.9417,"{""max_depth"": null, ""max_features"": ""sqrt"", ""n_estimators"": 300}",44.1,16000,4000,5531,1383,34.57,34.58
vrbancic__adasyn__svm__rnative__s42,vrbancic,adasyn,Data-level (synthetic),svm,,42,0.8430012610340479,0.9667389732465654,0.9006399461098012,0.8474340143253426,0.9357959291146852,0.92625,0.9823121030494476,0.9641729114229008,2368,249,46,1337,0.8999,"{""C"": 10, ""gamma"": ""scale"", ""kernel"": ""rbf""}",76.6,16000,4000,5531,1383,34.57,34.58
vrbancic__smoteenn__decision_tree__rnative__s42,vrbancic,smoteenn,Hybrid,decision_tree,,42,0.904662491301322,0.9399855386840202,0.9219858156028368,0.8799235411885825,0.9438177597890868,0.945,0.9438177597890868,0.8711196592131011,2480,137,83,1300,0.9177,"{""criterion"": ""entropy"", ""max_depth"": null, ""min_samples_split"": 2}",36.3,16000,4000,5531,1383,34.57,34.58
vrbancic__smoteenn__random_forest__rnative__s42,vrbancic,smoteenn,Hybrid,random_forest,,42,0.8913333333333333,0.9667389732465654,0.9275060700659036,0.8885538644395725,0.9522269570092208,0.94775,0.9874797993319722,0.9787824664347418,2454,163,46,1337,0.9231,"{""max_depth"": 20, ""max_features"": ""sqrt"", ""n_estimators"": 300}",49.8,16000,4000,5531,1383,34.57,34.58
vrbancic__smoteenn__svm__rnative__s42,vrbancic,smoteenn,Hybrid,svm,,42,0.8657894736842106,0.9515545914678236,0.9066482948673784,0.8560109173472761,0.936801369100362,0.93225,0.979105967959095,0.9562859083478042,2413,204,67,1316,0.9053,"{""C"": 10, ""gamma"": ""scale"", ""kernel"": ""rbf""}",29.6,16000,4000,5531,1383,34.57,34.58
vrbancic__smotetomek__decision_tree__rnative__s42,vrbancic,smotetomek,Hybrid,decision_tree,,42,0.9027291812456264,0.9327548806941433,0.9174964438122332,0.8730740467633925,0.9398203138663686,0.942,0.9560222926407816,0.8861568147360971,2478,139,93,1290,0.9233,"{""criterion"": ""gini"", ""max_depth"": 10, ""min_samples_split"": 2}",36.8,16000,4000,5531,1383,34.57,34.58
vrbancic__smotetomek__random_forest__rnative__s42,vrbancic,smotetomek,Hybrid,random_forest,,42,0.9330514446793516,0.9573391178597253,0.9450392576730908,0.9155989892133276,0.9605190048603174,0.9615,0.9914981055786584,0.9850002300973104,2522,95,59,1324,0.9424,"{""max_depth"": null, ""max_features"": ""sqrt"", ""n_estimators"": 300}",58.5,16000,4000,5531,1383,34.57,34.58
vrbancic__smotetomek__svm__rnative__s42,vrbancic,smotetomek,Hybrid,svm,,42,0.9012517385257302,0.9370932754880694,0.9188231123714996,0.8750287908551913,0.9414163358716618,0.94275,0.984720572506756,0.9701788004528908,2475,142,87,1296,0.9191,"{""C"": 10, ""gamma"": 0.01, ""kernel"": ""rbf""}",59.2,16000,4000,5531,1383,34.57,34.58
vrbancic__cost_sensitive__decision_tree__rnative__s42,vrbancic,cost_sensitive,Algorithm-level,decision_tree,,42,0.9003436426116839,0.9472161966738972,0.9231853417899928,0.881677037588739,0.9459046210729058,0.9455,0.9651418460585456,0.914503794367304,2472,145,73,1310,0.9214,"{""criterion"": ""entropy"", ""max_depth"": 10, ""min_samples_split"": 2}",5.0,16000,4000,5531,1383,34.57,34.58
vrbancic__cost_sensitive__random_forest__rnative__s42,vrbancic,cost_sensitive,Algorithm-level,random_forest,,42,0.9386152748037117,0.950831525668836,0.944683908045977,0.915206258926435,0.9589847349398822,0.9615,0.9922540505637676,0.9857755516858492,2531,86,68,1315,0.9428,"{""max_depth"": null, ""max_features"": ""sqrt"", ""n_estimators"": 100}",25.5,16000,4000,5531,1383,34.57,34.58
vrbancic__cost_sensitive__svm__rnative__s42,vrbancic,cost_sensitive,Algorithm-level,svm,,42,0.8984105044920525,0.9399855386840202,0.9187279151943464,0.8748111852364707,0.9419071751501874,0.9425,0.9848683906964611,0.9698907572589364,2470,147,83,1300,0.9181,"{""C"": 10, ""gamma"": ""scale"", ""kernel"": ""rbf""}",35.1,16000,4000,5531,1383,34.57,34.58
