qty_dot_url,qty_hyphen_url,qty_underline_url,qty_slash_url,qty_questionmark_url,qty_equal_url,qty_at_url,qty_and_url,qty_exclamation_url,qty_space_url,qty_tilde_url,qty_comma_url,qty_plus_url,qty_asterisk_url,qty_hashtag_url,qty_dollar_url,qty_percent_url,qty_tld_url,length_url,qty_dot_domain,qty_hyphen_domain,qty_underline_domain,qty_at_domain,qty_vowels_domain,domain_length,domain_in_ip,server_client_domain,qty_dot_directory,qty_hyphen_directory,qty_underline_directory,qty_slash_directory,qty_questionmark_directory,qty_equal_directory,qty_at_directory,qty_and_directory,qty_exclamation_directory,qty_space_directory,qty_tilde_directory,qty_comma_directory,qty_plus_directory,qty_asterisk_directory,qty_dollar_directory,qty_percent_directory,directory_length,qty_dot_file,qty_hyphen_file,qty_underline_file,qty_equal_file,qty_at_file,qty_and_file,qty_exclamation_file,qty_space_file,qty_tilde_file,qty_comma_file,qty_plus_file,qty_asterisk_file,qty_percent_file,file_length,qty_dot_params,qty_hyphen_params,qty_underline_params,qty_slash_params,qty_questionmark_params,qty_equal_params,qty_at_params,qty_and_params,qty_exclamation_params,qty_space_params,qty_tilde_params,qty_comma_params,qty_plus_params,qty_asterisk_params,qty_dollar_params,qty_percent_params,params_length,tld_present_params,qty_params,email_in_url,time_response,domain_spf,asn_ip,time_domain_activation,time_domain_expiration,qty_ip_resolved,qty_nameservers,qty_mx_servers,ttl_hostname,tls_ssl_certificate,qty_redirects,url_google_index,domain_google_index,url_shortened,__true_label
1,0,2,2,0,2,0,1,0,0,0,0,0,0,0,0,0,1,62,1,0,0,0,4,12,0,0,0,0,0,2,0,0,0,0,0,0,0,0,0,0,0,0,8,0,0,0,0,0,0,0,0,0,0,0,0,0,5,0,0,2,0,0,2,0,1,0,0,0,0,0,0,0,0,42,0,2,0,0.7225729999999999,1,262254,258,106,1,3,7,597,1,0,0,0,0,1
2,0,0,0,0,0,0,0,0,0,0,0,0,0,0,0,0,1,21,2,0,0,0,6,21,0,0,-1,-1,-1,-1,-1,-1,-1,-1,-1,-1,-1,-1,-1,-1,-1,-1,-1,-1,-1,-1,-1,-1,-1,-1,-1,-1,-1,-1,-1,-1,-1,-1,-1,-1,-1,-1,-1,-1,-1,-1,-1,-1,-1,-1,-1,-1,-1,-1,-1,-1,0,0.552537,1,46606,6216,357,1,2,1,14388,1,1,0,0,0,0
2,0,0,0,0,0,0,0,0,0,0,0,0,0,0,0,0,1,20,2,0,0,0,6,20,0,0,-1,-1,-1,-1,-1,-1,-1,-1,-1,-1,-1,-1,-1,-1,-1,-1,-1,-1,-1,-1,-1,-1,-1,-1,-1,-1,-1,-1,-1,-1,-1,-1,-1,-1,-1,-1,-1,-1,-1,-1,-1,-1,-1,-1,-1,-1,-1,-1,-1,-1,0,1.52057,-1,32244,5996,212,1,2,1,3590,1,1,0,0,0,0
5,0,0,2,0,0,0,0,0,0,0,0,0,0,0,0,0,1,53,5,0,0,0,16,44,0,0,0,0,0,2,0,0,0,0,0,0,0,0,0,0,0,0,9,0,0,0,0,0,0,0,0,0,0,0,0,0,0,-1,-1,-1,-1,-1,-1,-1,-1,-1,-1,-1,-1,-1,-1,-1,-1,-1,-1,-1,0,0.165942,0,-1,-1,-1,1,2,1,7484,0,0,0,0,0,1
2,0,0,0,0,0,0,0,0,0,0,0,0,0,0,0,0,1,18,2,0,0,0,4,18,0,0,-1,-1,-1,-1,-1,-1,-1,-1,-1,-1,-1,-1,-1,-1,-1,-1,-1,-1,-1,-1,-1,-1,-1,-1,-1,-1,-1,-1,-1,-1,-1,-1,-1,-1,-1,-1,-1,-1,-1,-1,-1,-1,-1,-1,-1,-1,-1,-1,-1,-1,0,0.423033,0,13335,4935,177,2,2,2,299,1,0,0,0,0,0
2,0,0,3,0,0,0,0,0,0,0,0,0,0,0,0,0,1,48,1,0,0,0,6,21,0,0,1,0,0,3,0,0,0,0,0,0,0,0,0,0,0,0,27,1,0,0,0,0,0,0,0,0,0,0,0,0,9,-1,-1,-1,-1,-1,-1,-1,-1,-1,-1,-1,-1,-1,-1,-1,-1,-1,-1,-1,0,0.419013,0,26496,3145,141,1,2,2,10791,0,0,0,0,0,1
2,0,0,0,0,0,0,0,0,0,0,0,0,0,0,0,0,1,21,2,0,0,0,3,21,0,0,-1,-1,-1,-1,-1,-1,-1,-1,-1,-1,-1,-1,-1,-1,-1,-1,-1,-1,-1,-1,-1,-1,-1,-1,-1,-1,-1,-1,-1,-1,-1,-1,-1,-1,-1,-1,-1,-1,-1,-1,-1,-1,-1,-1,-1,-1,-1,-1,-1,-1,0,0.415711,-1,14618,7477,557,1,5,6,1799,0,0,0,0,0,0
2,0,0,1,0,2,0,1,0,0,0,0,0,0,0,0,0,1,50,2,0,0,0,5,15,0,0,0,0,0,1,0,0,0,0,0,0,0,0,0,0,0,0,6,0,0,0,0,0,0,0,0,0,0,0,0,0,5,0,0,0,0,0,2,0,1,0,0,0,0,0,0,0,0,29,0,2,0,0.161685,0,15169,4979,133,1,4,5,7,1,0,0,0,0,0
2,0,0,1,0,0,0,0,0,0,0,0,0,0,0,0,0,1,30,2,0,0,0,5,16,0,0,0,0,0,1,0,0,0,0,0,0,0,0,0,0,0,0,14,0,0,0,0,0,0,0,0,0,0,0,0,0,13,-1,-1,-1,-1,-1,-1,-1,-1,-1,-1,-1,-1,-1,-1,-1,-1,-1,-1,-1,0,0.209938,0,32934,7859,3464,1,2,1,96,1,1,0,0,0,0
3,0,0,0,0,0,0,0,0,0,0,0,0,0,0,0,0,1,17,3,0,0,0,5,17,0,0,-1,-1,-1,-1,-1,-1,-1,-1,-1,-1,-1,-1,-1,-1,-1,-1,-1,-1,-1,-1,-1,-1,-1,-1,-1,-1,-1,-1,-1,-1,-1,-1,-1,-1,-1,-1,-1,-1,-1,-1,-1,-1,-1,-1,-1,-1,-1,-1,-1,-1,0,0.363029,0,33070,7871,528,1,2,2,21599,0,3,0,0,0,0
1,0,0,0,0,0,0,0,0,0,0,0,0,0,0,0,0,1,13,1,0,0,0,5,13,0,0,-1,-1,-1,-1,-1,-1,-1,-1,-1,-1,-1,-1,-1,-1,-1,-1,-1,-1,-1,-1,-1,-1,-1,-1,-1,-1,-1,-1,-1,-1,-1,-1,-1,-1,-1,-1,-1,-1,-1,-1,-1,-1,-1,-1,-1,-1,-1,-1,-1,-1,0,0.4109100000000001,1,13335,2914,1468,2,2,7,292,1,1,0,0,0,0
1,1,0,4,0,0,0,0,0,0,0,0,0,0,0,0,0,1,77,1,0,0,0,8,22,0,0,0,1,0,4,0,0,0,0,0,0,0,0,0,0,0,0,55,0,0,0,0,0,0,0,0,0,0,0,0,0,32,-1,-1,-1,-1,-1,-1,-1,-1,-1,-1,-1,-1,-1,-1,-1,-1,-1,-1,-1,0,0.304848,1,46606,2193,362,1,2,1,14391,0,1,0,0,0,1
2,0,0,3,0,0,0,0,0,0,0,0,0,0,0,0,0,1,38,2,0,0,0,6,16,0,0,0,0,0,3,0,0,0,0,0,0,0,0,0,0,0,0,22,0,0,0,0,0,0,0,0,0,0,0,0,0,0,-1,-1,-1,-1,-1,-1,-1,-1,-1,-1,-1,-1,-1,-1,-1,-1,-1,-1,-1,0,0.266042,0,15169,-1,-1,1,4,5,176,1,2,0,0,0,1
3,0,0,1,0,0,0,0,0,0,0,0,0,0,0,0,0,1,15,3,0,0,0,1,14,0,0,0,0,0,1,0,0,0,0,0,0,0,0,0,0,0,0,1,0,0,0,0,0,0,0,0,0,0,0,0,0,0,-1,-1,-1,-1,-1,-1,-1,-1,-1,-1,-1,-1,-1,-1,-1,-1,-1,-1,-1,0,1.555564,0,9919,4518,597,1,2,4,598,1,0,0,0,0,0
2,0,0,5,0,0,0,0,0,0,0,0,0,0,0,0,0,1,38,2,0,0,0,2,9,0,0,0,0,0,5,0,0,0,0,0,0,0,0,0,0,0,0,29,0,0,0,0,0,0,0,0,0,0,0,0,0,0,-1,-1,-1,-1,-1,-1,-1,-1,-1,-1,-1,-1,-1,-1,-1,-1,-1,-1,-1,0,2.1172880000000003,-1,56308,2051,139,1,4,1,14385,1,0,0,0,0,1
2,0,0,0,0,0,0,0,0,0,0,0,0,0,0,0,0,1,16,2,0,0,0,4,16,0,0,-1,-1,-1,-1,-1,-1,-1,-1,-1,-1,-1,-1,-1,-1,-1,-1,-1,-1,-1,-1,-1,-1,-1,-1,-1,-1,-1,-1,-1,-1,-1,-1,-1,-1,-1,-1,-1,-1,-1,-1,-1,-1,-1,-1,-1,-1,-1,-1,-1,-1,0,0.551708,0,-1,7557,3398,1,2,1,1199,1,1,0,0,0,0
2,0,0,0,0,0,0,0,0,0,0,0,0,0,0,0,0,1,17,2,0,0,0,4,17,0,0,-1,-1,-1,-1,-1,-1,-1,-1,-1,-1,-1,-1,-1,-1,-1,-1,-1,-1,-1,-1,-1,-1,-1,-1,-1,-1,-1,-1,-1,-1,-1,-1,-1,-1,-1,-1,-1,-1,-1,-1,-1,-1,-1,-1,-1,-1,-1,-1,-1,-1,0,0.4486979999999999,1,20013,6527,46,1,2,1,14391,1,0,0,0,0,0
2,0,0,1,0,3,0,2,0,0,0,0,0,0,0,0,16,1,83,2,0,0,0,4,14,0,0,0,0,0,1,0,0,0,0,0,0,0,0,0,0,0,0,7,0,0,0,0,0,0,0,0,0,0,0,0,0,6,0,0,0,0,0,3,0,2,0,0,0,0,0,0,0,16,62,0,3,0,0.122565,0,15169,7689,710,1,4,5,155,1,0,0,0,0,0
2,0,0,0,0,0,0,0,0,0,0,0,0,0,0,0,0,1,24,2,0,0,0,9,24,0,0,-1,-1,-1,-1,-1,-1,-1,-1,-1,-1,-1,-1,-1,-1,-1,-1,-1,-1,-1,-1,-1,-1,-1,-1,-1,-1,-1,-1,-1,-1,-1,-1,-1,-1,-1,-1,-1,-1,-1,-1,-1,-1,-1,-1,-1,-1,-1,-1,-1,-1,0,0.536065,0,6939,-1,-1,1,2,1,14384,0,0,0,0,0,0
2,0,5,2,0,0,0,0,0,0,0,0,0,0,0,0,0,1,57,2,0,0,0,7,16,0,0,0,0,5,2,0,0,0,0,0,0,0,0,0,0,0,0,41,0,0,5,0,0,0,0,0,0,0,0,0,0,35,-1,-1,-1,-1,-1,-1,-1,-1,-1,-1,-1,-1,-1,-1,-1,-1,-1,-1,-1,0,0.03015,0,43821,-1,-1,1,3,2,570,1,1,0,0,0,0
2,6,0,12,1,5,0,4,0,0,0,0,0,0,0,0,0,1,264,1,0,0,0,3,10,0,0,1,5,0,12,0,0,0,0,0,0,0,0,0,0,0,0,169,1,0,0,0,0,0,0,0,0,0,0,0,0,9,0,1,0,0,1,5,0,4,0,0,0,0,0,0,0,0,85,0,4,0,3.05307,1,26496,1482,709,1,2,1,9948,0,1,0,0,0,1
1,0,0,0,0,0,0,0,0,0,0,0,0,0,0,0,0,1,15,1,0,0,0,4,15,0,0,-1,-1,-1,-1,-1,-1,-1,-1,-1,-1,-1,-1,-1,-1,-1,-1,-1,-1,-1,-1,-1,-1,-1,-1,-1,-1,-1,-1,-1,-1,-1,-1,-1,-1,-1,-1,-1,-1,-1,-1,-1,-1,-1,-1,-1,-1,-1,-1,-1,-1,0,1.371127,0,132742,72,292,1,2,0,49,0,1,0,0,0,0
1,0,0,1,0,0,0,0,0,0,0,0,0,0,0,0,0,1,14,1,0,0,0,4,13,0,0,0,0,0,1,0,0,0,0,0,0,0,0,0,0,0,0,1,0,0,0,0,0,0,0,0,0,0,0,0,0,0,-1,-1,-1,-1,-1,-1,-1,-1,-1,-1,-1,-1,-1,-1,-1,-1,-1,-1,-1,0,0.188429,1,26496,175,189,1,2,1,10796,1,0,0,0,0,1
1,1,2,2,0,0,0,0,0,0,0,0,0,0,0,0,0,1,38,1,1,0,0,6,16,0,0,0,0,2,2,0,0,0,0,0,0,0,0,0,0,0,0,22,0,0,0,0,0,0,0,0,0,0,0,0,0,0,-1,-1,-1,-1,-1,-1,-1,-1,-1,-1,-1,-1,-1,-1,-1,-1,-1,-1,-1,0,0.105641,0,49505,753,341,1,2,0,20425,0,0,0,0,0,1
1,0,0,2,0,0,0,0,1,0,0,0,0,0,0,0,0,1,27,1,0,0,0,3,11,0,0,0,0,0,1,0,0,0,0,0,0,0,0,0,0,0,0,1,0,0,0,0,0,0,0,0,0,0,0,0,0,0,-1,-1,-1,-1,-1,-1,-1,-1,-1,-1,-1,-1,-1,-1,-1,-1,-1,-1,-1,0,0.237154,1,13414,6831,473,2,12,5,578,1,1,0,0,0,0
2,0,0,0,0,0,0,0,0,0,0,0,0,0,0,0,0,1,20,2,0,0,0,5,20,0,0,-1,-1,-1,-1,-1,-1,-1,-1,-1,-1,-1,-1,-1,-1,-1,-1,-1,-1,-1,-1,-1,-1,-1,-1,-1,-1,-1,-1,-1,-1,-1,-1,-1,-1,-1,-1,-1,-1,-1,-1,-1,-1,-1,-1,-1,-1,-1,-1,-1,-1,0,2.068149,1,46606,7075,229,1,2,1,14393,1,0,0,0,0,0
1,0,0,0,0,0,0,0,0,0,0,0,0,0,0,0,0,1,13,1,0,0,0,3,13,0,0,-1,-1,-1,-1,-1,-1,-1,-1,-1,-1,-1,-1,-1,-1,-1,-1,-1,-1,-1,-1,-1,-1,-1,-1,-1,-1,-1,-1,-1,-1,-1,-1,-1,-1,-1,-1,-1,-1,-1,-1,-1,-1,-1,-1,-1,-1,-1,-1,-1,-1,0,1.581313,-1,12876,1333,127,1,2,1,17528,0,1,0,0,0,0
1,0,0,0,0,0,0,0,0,0,0,0,0,0,0,0,0,1,12,1,0,0,0,4,12,0,0,-1,-1,-1,-1,-1,-1,-1,-1,-1,-1,-1,-1,-1,-1,-1,-1,-1,-1,-1,-1,-1,-1,-1,-1,-1,-1,-1,-1,-1,-1,-1,-1,-1,-1,-1,-1,-1,-1,-1,-1,-1,-1,-1,-1,-1,-1,-1,-1,-1,-1,0,1.554598,0,22612,5994,214,1,2,5,1191,0,0,0,0,0,0
2,0,0,0,0,0,0,0,0,0,0,0,0,0,0,0,0,1,17,2,0,0,0,4,17,0,0,-1,-1,-1,-1,-1,-1,-1,-1,-1,-1,-1,-1,-1,-1,-1,-1,-1,-1,-1,-1,-1,-1,-1,-1,-1,-1,-1,-1,-1,-1,-1,-1,-1,-1,-1,-1,-1,-1,-1,-1,-1,-1,-1,-1,-1,-1,-1,-1,-1,-1,0,5.425242,0,26347,6798,141,1,3,2,14397,0,0,0,0,0,0
2,0,0,0,0,0,0,0,0,0,0,0,0,0,0,0,0,1,20,2,0,0,0,6,20,0,0,-1,-1,-1,-1,-1,-1,-1,-1,-1,-1,-1,-1,-1,-1,-1,-1,-1,-1,-1,-1,-1,-1,-1,-1,-1,-1,-1,-1,-1,-1,-1,-1,-1,-1,-1,-1,-1,-1,-1,-1,-1,-1,-1,-1,-1,-1,-1,-1,-1,-1,0,0.299576,0,53831,7215,89,4,2,2,597,1,1,0,0,0,0
1,1,1,6,0,0,0,0,0,0,0,0,0,0,0,0,0,1,71,1,0,0,0,6,10,0,0,0,1,1,6,0,0,0,0,0,0,0,0,0,0,0,0,61,0,0,0,0,0,0,0,0,0,0,0,0,0,0,-1,-1,-1,-1,-1,-1,-1,-1,-1,-1,-1,-1,-1,-1,-1,-1,-1,-1,-1,0,0.173232,-1,198610,29,335,1,4,2,291,0,0,0,0,0,1
2,0,0,1,0,0,0,0,0,0,0,0,0,0,0,0,0,1,35,2,0,0,0,5,16,0,0,0,0,0,1,0,0,0,0,0,0,0,0,0,0,0,0,19,0,0,0,0,0,0,0,0,0,0,0,0,0,18,-1,-1,-1,-1,-1,-1,-1,-1,-1,-1,-1,-1,-1,-1,-1,-1,-1,-1,-1,0,0.319959,0,32934,7858,3465,1,2,1,3,1,0,0,0,0,0
1,0,0,1,0,0,0,0,0,0,0,0,0,0,0,0,0,1,13,1,0,0,0,2,6,0,0,0,0,0,1,0,0,0,0,0,0,0,0,0,0,0,0,7,0,0,0,0,0,0,0,0,0,0,0,0,0,6,-1,-1,-1,-1,-1,-1,-1,-1,-1,-1,-1,-1,-1,-1,-1,-1,-1,-1,-1,0,0.1093,-1,15169,4818,122,1,4,0,297,1,1,0,0,1,1
2,0,0,0,0,0,0,0,0,0,0,0,0,0,0,0,0,1,20,2,0,0,0,8,20,0,0,-1,-1,-1,-1,-1,-1,-1,-1,-1,-1,-1,-1,-1,-1,-1,-1,-1,-1,-1,-1,-1,-1,-1,-1,-1,-1,-1,-1,-1,-1,-1,-1,-1,-1,-1,-1,-1,-1,-1,-1,-1,-1,-1,-1,-1,-1,-1,-1,-1,-1,0,1.321389,0,53831,5932,276,1,3,1,3593,0,1,0,0,0,0
1,1,1,1,0,4,0,3,0,0,0,0,0,0,0,0,0,1,80,1,1,0,0,8,21,0,0,0,0,0,1,0,0,0,0,0,0,0,0,0,0,0,0,1,0,0,0,0,0,0,0,0,0,0,0,0,0,0,0,0,1,0,0,4,0,3,0,0,0,0,0,0,0,0,58,0,4,0,0.535991,0,-1,2878,43,3,4,1,59,1,0,0,0,0,1
3,0,0,0,0,0,0,0,0,0,0,0,0,0,0,0,0,1,21,3,0,0,0,7,21,0,0,-1,-1,-1,-1,-1,-1,-1,-1,-1,-1,-1,-1,-1,-1,-1,-1,-1,-1,-1,-1,-1,-1,-1,-1,-1,-1,-1,-1,-1,-1,-1,-1,-1,-1,-1,-1,-1,-1,-1,-1,-1,-1,-1,-1,-1,-1,-1,-1,-1,-1,0,2.064653,0,16276,3428,223,1,5,1,1799,0,0,0,0,0,0
2,0,0,0,0,0,0,0,0,0,0,0,0,0,0,0,0,1,13,2,0,0,0,3,13,0,0,-1,-1,-1,-1,-1,-1,-1,-1,-1,-1,-1,-1,-1,-1,-1,-1,-1,-1,-1,-1,-1,-1,-1,-1,-1,-1,-1,-1,-1,-1,-1,-1,-1,-1,-1,-1,-1,-1,-1,-1,-1,-1,-1,-1,-1,-1,-1,-1,-1,-1,0,15.976574,0,3786,6006,202,2,3,1,596,1,0,0,0,0,0
2,0,0,0,0,0,0,0,0,0,0,0,0,0,0,0,0,1,15,2,0,0,0,4,15,0,0,-1,-1,-1,-1,-1,-1,-1,-1,-1,-1,-1,-1,-1,-1,-1,-1,-1,-1,-1,-1,-1,-1,-1,-1,-1,-1,-1,-1,-1,-1,-1,-1,-1,-1,-1,-1,-1,-1,-1,-1,-1,-1,-1,-1,-1,-1,-1,-1,-1,-1,0,0.33445,0,8560,6662,276,1,2,2,3599,0,0,0,0,0,0
2,0,0,2,0,0,0,0,0,0,0,0,0,0,0,0,0,1,37,2,0,0,0,5,20,0,0,0,0,0,2,0,0,0,0,0,0,0,0,0,0,0,0,17,0,0,0,0,0,0,0,0,0,0,0,0,0,14,-1,-1,-1,-1,-1,-1,-1,-1,-1,-1,-1,-1,-1,-1,-1,-1,-1,-1,-1,0,1.13391,0,18915,6872,67,1,4,2,28,0,0,0,0,0,1
1,0,0,2,0,0,0,0,0,0,0,0,0,0,0,0,0,1,19,1,0,0,0,4,12,0,0,0,0,0,2,0,0,0,0,0,0,0,0,0,0,0,0,7,0,0,0,0,0,0,0,0,0,0,0,0,0,0,-1,-1,-1,-1,-1,-1,-1,-1,-1,-1,-1,-1,-1,-1,-1,-1,-1,-1,-1,0,0.912409,-1,22611,3768,248,1,2,1,14394,0,1,0,0,0,1
2,0,0,3,0,0,0,0,0,0,0,0,0,0,0,0,0,1,42,2,0,0,0,6,16,0,0,0,0,0,3,0,0,0,0,0,0,0,0,0,0,0,0,26,0,0,0,0,0,0,0,0,0,0,0,0,0,4,-1,-1,-1,-1,-1,-1,-1,-1,-1,-1,-1,-1,-1,-1,-1,-1,-1,-1,-1,0,0.194698,0,15169,-1,-1,1,4,5,291,1,0,0,0,0,1
2,0,0,0,0,0,0,0,0,0,0,0,0,0,0,0,0,1,11,2,0,0,0,2,11,0,0,-1,-1,-1,-1,-1,-1,-1,-1,-1,-1,-1,-1,-1,-1,-1,-1,-1,-1,-1,-1,-1,-1,-1,-1,-1,-1,-1,-1,-1,-1,-1,-1,-1,-1,-1,-1,-1,-1,-1,-1,-1,-1,-1,-1,-1,-1,-1,-1,-1,-1,0,1.016494,0,14618,6727,577,1,2,2,7199,1,1,0,0,0,0
2,0,0,0,0,0,0,0,0,0,0,0,0,0,0,0,0,1,28,2,0,0,0,7,28,0,0,-1,-1,-1,-1,-1,-1,-1,-1,-1,-1,-1,-1,-1,-1,-1,-1,-1,-1,-1,-1,-1,-1,-1,-1,-1,-1,-1,-1,-1,-1,-1,-1,-1,-1,-1,-1,-1,-1,-1,-1,-1,-1,-1,-1,-1,-1,-1,-1,-1,-1,0,2.549518,0,13335,6460,113,2,2,1,298,1,0,0,0,0,0
2,0,0,0,0,0,0,0,0,0,0,0,0,0,0,0,0,1,22,2,0,0,0,5,22,0,0,-1,-1,-1,-1,-1,-1,-1,-1,-1,-1,-1,-1,-1,-1,-1,-1,-1,-1,-1,-1,-1,-1,-1,-1,-1,-1,-1,-1,-1,-1,-1,-1,-1,-1,-1,-1,-1,-1,-1,-1,-1,-1,-1,-1,-1,-1,-1,-1,-1,-1,0,0.424345,0,53831,6778,160,1,2,2,3597,0,1,0,0,0,0
2,0,0,0,0,0,0,0,0,0,0,0,0,0,0,0,0,1,20,2,0,0,0,4,20,0,0,-1,-1,-1,-1,-1,-1,-1,-1,-1,-1,-1,-1,-1,-1,-1,-1,-1,-1,-1,-1,-1,-1,-1,-1,-1,-1,-1,-1,-1,-1,-1,-1,-1,-1,-1,-1,-1,-1,-1,-1,-1,-1,-1,-1,-1,-1,-1,-1,-1,-1,0,0.939361,0,36351,7877,158,1,2,5,899,1,1,0,0,0,0
2,1,0,0,0,0,0,0,0,0,0,0,0,0,0,0,0,1,21,2,1,0,0,8,21,0,0,-1,-1,-1,-1,-1,-1,-1,-1,-1,-1,-1,-1,-1,-1,-1,-1,-1,-1,-1,-1,-1,-1,-1,-1,-1,-1,-1,-1,-1,-1,-1,-1,-1,-1,-1,-1,-1,-1,-1,-1,-1,-1,-1,-1,-1,-1,-1,-1,-1,-1,0,0.313159,0,36459,-1,-1,4,8,0,2677,1,1,0,0,0,1
2,0,0,1,0,0,0,0,0,0,0,0,0,0,0,0,0,1,20,2,0,0,0,6,19,0,0,0,0,0,1,0,0,0,0,0,0,0,0,0,0,0,0,1,0,0,0,0,0,0,0,0,0,0,0,0,0,0,-1,-1,-1,-1,-1,-1,-1,-1,-1,-1,-1,-1,-1,-1,-1,-1,-1,-1,-1,0,0.38027,-1,-1,5301,569,1,2,1,14383,1,-1,0,0,0,0
2,0,0,0,0,0,0,0,0,0,0,0,0,0,0,0,0,1,19,2,0,0,0,4,19,0,0,-1,-1,-1,-1,-1,-1,-1,-1,-1,-1,-1,-1,-1,-1,-1,-1,-1,-1,-1,-1,-1,-1,-1,-1,-1,-1,-1,-1,-1,-1,-1,-1,-1,-1,-1,-1,-1,-1,-1,-1,-1,-1,-1,-1,-1,-1,-1,-1,-1,-1,0,0.595194,0,26347,4381,366,1,3,2,14399,0,0,0,0,0,0
1,0,0,0,0,0,0,0,0,0,0,0,0,0,0,0,0,1,10,1,0,0,0,4,10,0,0,-1,-1,-1,-1,-1,-1,-1,-1,-1,-1,-1,-1,-1,-1,-1,-1,-1,-1,-1,-1,-1,-1,-1,-1,-1,-1,-1,-1,-1,-1,-1,-1,-1,-1,-1,-1,-1,-1,-1,-1,-1,-1,-1,-1,-1,-1,-1,-1,-1,-1,0,1.124547,0,26347,5469,374,1,3,0,14397,0,0,0,0,0,0
4,1,0,5,0,1,1,0,0,0,0,0,0,0,0,0,0,3,94,1,0,0,0,9,23,0,0,2,1,0,5,0,0,0,0,0,0,0,0,0,0,0,0,46,1,0,0,0,0,0,0,0,0,0,0,0,0,9,1,0,0,0,0,1,1,0,0,0,0,0,0,0,0,0,25,1,1,1,0.172445,0,26496,2321,234,1,2,0,506,0,3,0,0,0,1
3,0,0,1,0,0,0,0,0,0,0,0,0,0,0,0,0,1,16,3,0,0,0,1,15,0,0,0,0,0,1,0,0,0,0,0,0,0,0,0,0,0,0,1,0,0,0,0,0,0,0,0,0,0,0,0,0,0,-1,-1,-1,-1,-1,-1,-1,-1,-1,-1,-1,-1,-1,-1,-1,-1,-1,-1,-1,0,0.5214979999999999,0,16509,7827,2064,4,4,2,58,1,0,0,0,0,0
2,0,0,0,0,0,0,0,0,0,0,0,0,0,0,0,0,1,19,2,0,0,0,5,19,0,0,-1,-1,-1,-1,-1,-1,-1,-1,-1,-1,-1,-1,-1,-1,-1,-1,-1,-1,-1,-1,-1,-1,-1,-1,-1,-1,-1,-1,-1,-1,-1,-1,-1,-1,-1,-1,-1,-1,-1,-1,-1,-1,-1,-1,-1,-1,-1,-1,-1,-1,0,0.297965,0,16276,-1,-1,1,2,1,292,0,0,0,0,0,0
2,0,0,3,0,0,0,0,0,0,0,0,0,0,0,0,0,1,26,2,0,0,0,5,17,0,0,0,0,0,3,0,0,0,0,0,0,0,0,0,0,0,0,9,0,0,0,0,0,0,0,0,0,0,0,0,0,0,-1,-1,-1,-1,-1,-1,-1,-1,-1,-1,-1,-1,-1,-1,-1,-1,-1,-1,-1,0,0.587464,1,26496,1143,683,1,2,1,10799,0,0,0,0,0,1
2,0,0,0,0,0,0,0,0,0,0,0,0,0,0,0,0,1,20,2,0,0,0,6,20,0,0,-1,-1,-1,-1,-1,-1,-1,-1,-1,-1,-1,-1,-1,-1,-1,-1,-1,-1,-1,-1,-1,-1,-1,-1,-1,-1,-1,-1,-1,-1,-1,-1,-1,-1,-1,-1,-1,-1,-1,-1,-1,-1,-1,-1,-1,-1,-1,-1,-1,-1,0,4.590342,0,26347,5540,1399,1,3,2,14399,0,1,0,0,0,0
1,0,0,0,0,0,0,0,0,0,0,0,0,0,0,0,0,1,14,1,0,0,0,3,14,0,0,-1,-1,-1,-1,-1,-1,-1,-1,-1,-1,-1,-1,-1,-1,-1,-1,-1,-1,-1,-1,-1,-1,-1,-1,-1,-1,-1,-1,-1,-1,-1,-1,-1,-1,-1,-1,-1,-1,-1,-1,-1,-1,-1,-1,-1,-1,-1,-1,-1,-1,0,1.840161,-1,46606,7856,545,1,2,1,14388,1,1,0,0,0,0
2,0,0,1,0,0,0,0,0,0,0,0,0,0,0,0,0,1,19,2,0,0,0,6,18,0,0,0,0,0,1,0,0,0,0,0,0,0,0,0,0,0,0,1,0,0,0,0,0,0,0,0,0,0,0,0,0,0,-1,-1,-1,-1,-1,-1,-1,-1,-1,-1,-1,-1,-1,-1,-1,-1,-1,-1,-1,0,3.106817,0,29614,5644,565,1,2,1,7198,0,0,0,0,0,0
2,0,0,0,0,0,0,0,0,0,0,0,0,0,0,0,0,1,16,2,0,0,0,3,16,0,0,-1,-1,-1,-1,-1,-1,-1,-1,-1,-1,-1,-1,-1,-1,-1,-1,-1,-1,-1,-1,-1,-1,-1,-1,-1,-1,-1,-1,-1,-1,-1,-1,-1,-1,-1,-1,-1,-1,-1,-1,-1,-1,-1,-1,-1,-1,-1,-1,-1,-1,0,0.987286,1,26496,8267,865,1,2,2,592,1,0,0,0,0,0
2,1,0,3,0,0,0,0,0,0,0,0,0,0,0,0,0,1,64,2,1,0,0,6,23,0,0,0,0,0,3,0,0,0,0,0,0,0,0,0,0,0,0,41,0,0,0,0,0,0,0,0,0,0,0,0,0,0,-1,-1,-1,-1,-1,-1,-1,-1,-1,-1,-1,-1,-1,-1,-1,-1,-1,-1,-1,0,0.400115,0,33494,6658,280,1,2,1,296,0,0,0,0,0,1
3,0,0,1,0,0,0,0,0,0,0,0,0,0,0,0,0,1,37,2,0,0,0,6,21,0,0,1,0,0,1,0,0,0,0,0,0,0,0,0,0,0,0,16,1,0,0,0,0,0,0,0,0,0,0,0,0,15,-1,-1,-1,-1,-1,-1,-1,-1,-1,-1,-1,-1,-1,-1,-1,-1,-1,-1,-1,0,1.523256,-1,22612,1183,277,1,2,1,1189,1,0,0,0,0,1
2,0,0,5,0,0,0,0,0,0,0,0,0,0,0,0,0,1,91,2,0,0,0,5,15,0,0,0,0,0,5,0,0,0,0,0,0,0,0,0,0,0,0,76,0,0,0,0,0,0,0,0,0,0,0,0,0,8,-1,-1,-1,-1,-1,-1,-1,-1,-1,-1,-1,-1,-1,-1,-1,-1,-1,-1,-1,0,0.249285,-1,15169,-1,-1,1,4,5,136,1,0,0,0,0,1
2,1,0,0,0,0,0,0,0,0,0,0,0,0,0,0,0,1,21,2,1,0,0,6,21,0,0,-1,-1,-1,-1,-1,-1,-1,-1,-1,-1,-1,-1,-1,-1,-1,-1,-1,-1,-1,-1,-1,-1,-1,-1,-1,-1,-1,-1,-1,-1,-1,-1,-1,-1,-1,-1,-1,-1,-1,-1,-1,-1,-1,-1,-1,-1,-1,-1,-1,-1,0,0.928671,0,26347,5295,182,1,3,1,14398,0,0,0,0,0,0
4,2,2,9,0,2,0,1,0,0,0,0,0,0,0,0,0,1,142,2,0,0,0,7,23,0,0,0,2,1,9,0,0,0,0,0,0,0,0,0,0,0,0,92,0,0,0,0,0,0,0,0,0,0,0,0,0,0,2,0,1,0,0,2,0,1,0,0,0,0,0,0,0,0,27,0,1,0,0.370261,0,32244,1670,155,1,2,5,13360,0,0,0,0,0,1
2,1,0,3,0,0,0,0,0,0,0,0,0,0,0,0,0,1,64,2,1,0,0,6,23,0,0,0,0,0,3,0,0,0,0,0,0,0,0,0,0,0,0,41,0,0,0,0,0,0,0,0,0,0,0,0,0,0,-1,-1,-1,-1,-1,-1,-1,-1,-1,-1,-1,-1,-1,-1,-1,-1,-1,-1,-1,0,0.397564,0,33494,6657,281,1,2,1,291,0,0,0,0,0,1
2,0,0,1,0,0,0,0,0,0,0,0,0,0,0,0,0,1,24,2,0,0,0,6,17,0,0,0,0,0,1,0,0,0,0,0,0,0,0,0,0,0,0,7,0,0,0,0,0,0,0,0,0,0,0,0,0,6,-1,-1,-1,-1,-1,-1,-1,-1,-1,-1,-1,-1,-1,-1,-1,-1,-1,-1,-1,0,0.024973,0,20940,8071,2154,1,3,2,299,0,0,0,0,0,0
2,0,0,0,0,0,0,0,0,0,0,0,0,0,0,0,0,1,12,2,0,0,0,1,12,0,0,-1,-1,-1,-1,-1,-1,-1,-1,-1,-1,-1,-1,-1,-1,-1,-1,-1,-1,-1,-1,-1,-1,-1,-1,-1,-1,-1,-1,-1,-1,-1,-1,-1,-1,-1,-1,-1,-1,-1,-1,-1,-1,-1,-1,-1,-1,-1,-1,-1,-1,0,0.359357,0,14618,8218,2739,1,3,7,10798,0,0,0,0,0,0
1,1,1,1,0,1,0,0,0,0,0,0,0,0,0,0,0,1,82,1,0,0,0,4,14,0,0,0,0,0,1,0,0,0,0,0,0,0,0,0,0,0,0,7,0,0,0,0,0,0,0,0,0,0,0,0,0,6,0,1,1,0,0,1,0,0,0,0,0,0,0,0,0,0,61,0,1,0,0.170354,0,34259,322,42,1,3,0,530,0,0,0,0,0,1
2,0,0,0,0,0,0,0,0,0,0,0,0,0,0,0,0,1,17,2,0,0,0,4,17,0,0,-1,-1,-1,-1,-1,-1,-1,-1,-1,-1,-1,-1,-1,-1,-1,-1,-1,-1,-1,-1,-1,-1,-1,-1,-1,-1,-1,-1,-1,-1,-1,-1,-1,-1,-1,-1,-1,-1,-1,-1,-1,-1,-1,-1,-1,-1,-1,-1,-1,-1,0,0.889717,1,27647,8722,1868,1,2,1,3599,1,1,0,0,0,0
4,0,0,3,0,1,0,0,0,0,0,0,0,0,0,0,0,2,57,2,0,0,0,5,15,0,0,0,0,0,3,0,0,0,0,0,0,0,0,0,0,0,0,19,0,0,0,0,0,0,0,0,0,0,0,0,0,7,2,0,0,0,0,1,0,0,0,0,0,0,0,0,0,0,23,1,1,0,0.088727,-1,15169,-1,-1,1,4,5,38,1,0,0,0,0,0
2,0,0,0,0,0,0,0,0,0,0,0,0,0,0,0,0,1,15,2,0,0,0,4,15,0,0,-1,-1,-1,-1,-1,-1,-1,-1,-1,-1,-1,-1,-1,-1,-1,-1,-1,-1,-1,-1,-1,-1,-1,-1,-1,-1,-1,-1,-1,-1,-1,-1,-1,-1,-1,-1,-1,-1,-1,-1,-1,-1,-1,-1,-1,-1,-1,-1,-1,-1,0,-1.0,0,-1,-1,-1,-1,4,5,-1,0,-1,0,0,0,0
4,0,0,3,0,0,0,0,0,0,0,0,0,0,0,0,0,2,53,2,0,0,0,6,21,0,0,2,0,0,3,0,0,0,0,0,0,0,0,0,0,0,0,32,2,0,0,0,0,0,0,0,0,0,0,0,0,17,-1,-1,-1,-1,-1,-1,-1,-1,-1,-1,-1,-1,-1,-1,-1,-1,-1,-1,-1,0,0.367452,1,20013,681,48,1,2,1,2114,0,1,0,0,0,1
4,0,0,0,0,0,0,0,0,0,0,0,0,0,0,0,0,1,29,4,0,0,0,9,29,0,0,-1,-1,-1,-1,-1,-1,-1,-1,-1,-1,-1,-1,-1,-1,-1,-1,-1,-1,-1,-1,-1,-1,-1,-1,-1,-1,-1,-1,-1,-1,-1,-1,-1,-1,-1,-1,-1,-1,-1,-1,-1,-1,-1,-1,-1,-1,-1,-1,-1,-1,0,0.365133,0,15149,-1,-1,1,4,1,14400,0,0,0,0,0,0
2,0,0,0,0,0,0,0,0,0,0,0,0,0,0,0,0,1,14,2,0,0,0,2,14,0,0,-1,-1,-1,-1,-1,-1,-1,-1,-1,-1,-1,-1,-1,-1,-1,-1,-1,-1,-1,-1,-1,-1,-1,-1,-1,-1,-1,-1,-1,-1,-1,-1,-1,-1,-1,-1,-1,-1,-1,-1,-1,-1,-1,-1,-1,-1,-1,-1,-1,-1,0,-1.0,-1,61969,4832,280,1,2,1,599,0,0,0,0,0,0
2,0,0,0,0,0,0,0,0,0,0,0,0,0,0,0,0,1,14,2,0,0,0,6,14,0,0,-1,-1,-1,-1,-1,-1,-1,-1,-1,-1,-1,-1,-1,-1,-1,-1,-1,-1,-1,-1,-1,-1,-1,-1,-1,-1,-1,-1,-1,-1,-1,-1,-1,-1,-1,-1,-1,-1,-1,-1,-1,-1,-1,-1,-1,-1,-1,-1,-1,-1,0,0.452085,0,16509,-1,-1,2,4,2,51,1,1,0,0,0,0
2,2,1,9,0,1,0,0,0,0,0,0,0,0,0,0,0,1,110,1,0,0,0,6,19,0,0,0,2,1,9,0,0,0,0,0,0,0,0,0,0,0,0,81,0,0,0,0,0,0,0,0,0,0,0,0,0,0,1,0,0,0,0,1,0,0,0,0,0,0,0,0,0,0,10,0,0,0,-1.0,0,-1,1231,229,-1,2,0,-1,0,-1,0,0,0,1
5,5,0,3,0,0,0,0,0,0,0,0,0,0,0,0,0,1,145,5,4,0,0,17,99,0,0,0,1,0,3,0,0,0,0,0,0,0,0,0,0,0,0,46,0,0,0,0,0,0,0,0,0,0,0,0,0,0,-1,-1,-1,-1,-1,-1,-1,-1,-1,-1,-1,-1,-1,-1,-1,-1,-1,-1,-1,0,0.077682,0,26496,-1,-1,1,2,1,483,0,0,0,0,0,1
2,1,0,0,0,0,0,0,0,0,0,0,0,0,0,0,0,1,20,2,1,0,0,5,20,0,0,-1,-1,-1,-1,-1,-1,-1,-1,-1,-1,-1,-1,-1,-1,-1,-1,-1,-1,-1,-1,-1,-1,-1,-1,-1,-1,-1,-1,-1,-1,-1,-1,-1,-1,-1,-1,-1,-1,-1,-1,-1,-1,-1,-1,-1,-1,-1,-1,-1,-1,0,-1.0,0,-1,-1,-1,-1,4,0,-1,0,-1,0,0,0,0
2,0,0,2,0,0,0,0,0,0,0,0,0,0,0,0,0,1,18,2,0,0,0,1,12,0,0,0,0,0,2,0,0,0,0,0,0,0,0,0,0,0,0,6,0,0,0,0,0,0,0,0,0,0,0,0,0,0,-1,-1,-1,-1,-1,-1,-1,-1,-1,-1,-1,-1,-1,-1,-1,-1,-1,-1,-1,0,0.16748,0,63410,-1,-1,1,2,1,14390,1,1,0,0,0,1
2,0,0,0,0,0,0,0,0,0,0,0,0,0,0,0,0,1,34,2,0,0,0,13,34,0,0,-1,-1,-1,-1,-1,-1,-1,-1,-1,-1,-1,-1,-1,-1,-1,-1,-1,-1,-1,-1,-1,-1,-1,-1,-1,-1,-1,-1,-1,-1,-1,-1,-1,-1,-1,-1,-1,-1,-1,-1,-1,-1,-1,-1,-1,-1,-1,-1,-1,-1,0,1.0593,0,9597,353,11,1,2,3,21598,0,0,0,0,0,0
2,0,0,0,0,0,0,0,0,0,0,0,0,0,0,0,0,1,27,2,0,0,0,7,27,0,0,-1,-1,-1,-1,-1,-1,-1,-1,-1,-1,-1,-1,-1,-1,-1,-1,-1,-1,-1,-1,-1,-1,-1,-1,-1,-1,-1,-1,-1,-1,-1,-1,-1,-1,-1,-1,-1,-1,-1,-1,-1,-1,-1,-1,-1,-1,-1,-1,-1,-1,0,0.481445,0,15169,-1,-1,1,4,0,178,1,0,0,0,0,0
1,0,0,3,0,0,0,0,0,0,0,0,0,0,0,0,0,1,36,1,0,0,0,5,12,0,0,0,0,0,3,0,0,0,0,0,0,0,0,0,0,0,0,24,0,0,0,0,0,0,0,0,0,0,0,0,0,0,-1,-1,-1,-1,-1,-1,-1,-1,-1,-1,-1,-1,-1,-1,-1,-1,-1,-1,-1,0,0.308651,-1,198610,1562,263,1,4,2,292,0,0,0,0,0,1
2,0,0,1,0,0,0,0,0,0,0,0,0,0,0,0,0,1,16,2,0,0,0,5,15,0,0,0,0,0,1,0,0,0,0,0,0,0,0,0,0,0,0,1,0,0,0,0,0,0,0,0,0,0,0,0,0,0,-1,-1,-1,-1,-1,-1,-1,-1,-1,-1,-1,-1,-1,-1,-1,-1,-1,-1,-1,0,0.7536,1,27715,3946,436,1,3,4,3587,0,0,0,0,0,0
1,0,0,1,0,0,0,0,0,0,0,0,0,0,0,0,0,1,27,1,0,0,0,11,26,0,0,0,0,0,1,0,0,0,0,0,0,0,0,0,0,0,0,1,0,0,0,0,0,0,0,0,0,0,0,0,0,0,-1,-1,-1,-1,-1,-1,-1,-1,-1,-1,-1,-1,-1,-1,-1,-1,-1,-1,-1,0,0.303139,0,24940,-1,-1,1,2,1,14396,1,1,0,0,0,1
3,0,0,3,0,0,0,0,0,0,0,0,0,0,0,0,0,1,47,2,0,0,0,3,13,0,0,1,0,0,3,0,0,0,0,0,0,0,0,0,0,0,0,34,1,0,0,0,0,0,0,0,0,0,0,0,0,10,-1,-1,-1,-1,-1,-1,-1,-1,-1,-1,-1,-1,-1,-1,-1,-1,-1,-1,-1,0,0.205735,0,16625,-1,-1,1,6,2,486,1,0,0,0,0,0
1,1,1,10,0,1,0,0,0,0,0,0,0,0,0,0,0,1,126,1,1,0,0,5,16,0,0,0,0,1,10,0,1,0,0,0,0,0,0,0,0,0,0,110,0,0,0,0,0,0,0,0,0,0,0,0,0,0,-1,-1,-1,-1,-1,-1,-1,-1,-1,-1,-1,-1,-1,-1,-1,-1,-1,-1,-1,0,0.289698,0,16276,1654,171,1,2,2,3240,0,0,0,0,0,1
14,1,0,3,1,8,0,10,0,0,0,0,0,0,0,0,0,1,282,1,0,0,0,6,17,0,0,1,1,0,3,0,0,0,0,0,0,0,0,0,0,0,0,19,1,0,0,0,0,0,0,0,0,0,0,0,0,6,12,0,0,0,1,8,0,10,0,0,0,0,0,0,0,0,246,0,4,0,0.6628,1,26496,3682,334,1,2,1,10791,0,0,0,0,0,1
2,24,0,4,0,0,0,0,0,0,0,0,0,0,0,0,0,1,171,2,5,0,0,21,53,0,0,0,19,0,4,0,0,0,0,0,0,0,0,0,0,0,0,118,0,0,0,0,0,0,0,0,0,0,0,0,0,2,-1,-1,-1,-1,-1,-1,-1,-1,-1,-1,-1,-1,-1,-1,-1,-1,-1,-1,-1,0,0.15353,0,13335,-1,-1,2,2,2,288,1,0,0,0,0,1
1,0,0,0,0,0,0,0,0,0,0,0,0,0,0,0,0,1,13,1,0,0,0,4,13,0,0,-1,-1,-1,-1,-1,-1,-1,-1,-1,-1,-1,-1,-1,-1,-1,-1,-1,-1,-1,-1,-1,-1,-1,-1,-1,-1,-1,-1,-1,-1,-1,-1,-1,-1,-1,-1,-1,-1,-1,-1,-1,-1,-1,-1,-1,-1,-1,-1,-1,-1,0,0.907166,1,8075,4853,259,2,7,0,163,1,2,0,0,0,0
2,1,0,4,0,0,0,0,0,0,0,0,0,0,0,0,0,1,38,2,0,0,0,6,16,0,0,0,1,0,4,0,0,0,0,0,0,0,0,0,0,0,0,22,0,0,0,0,0,0,0,0,0,0,0,0,0,0,-1,-1,-1,-1,-1,-1,-1,-1,-1,-1,-1,-1,-1,-1,-1,-1,-1,-1,-1,0,0.265505,0,35041,-1,-1,1,3,1,20184,0,0,0,0,0,1
2,2,0,0,0,0,0,0,0,0,0,0,0,0,0,0,0,1,21,2,2,0,0,5,21,0,0,-1,-1,-1,-1,-1,-1,-1,-1,-1,-1,-1,-1,-1,-1,-1,-1,-1,-1,-1,-1,-1,-1,-1,-1,-1,-1,-1,-1,-1,-1,-1,-1,-1,-1,-1,-1,-1,-1,-1,-1,-1,-1,-1,-1,-1,-1,-1,-1,-1,-1,0,4.81751,0,6724,8218,3470,1,2,1,7198,0,0,0,0,0,0
3,0,0,0,0,0,0,0,0,0,0,0,0,0,0,0,0,1,15,3,0,0,0,1,15,0,0,-1,-1,-1,-1,-1,-1,-1,-1,-1,-1,-1,-1,-1,-1,-1,-1,-1,-1,-1,-1,-1,-1,-1,-1,-1,-1,-1,-1,-1,-1,-1,-1,-1,-1,-1,-1,-1,-1,-1,-1,-1,-1,-1,-1,-1,-1,-1,-1,-1,-1,0,0.476253,0,19867,325,39,1,2,1,3598,0,0,0,0,0,0
2,0,0,0,0,0,0,0,0,0,0,0,0,0,0,0,0,1,20,2,0,0,0,6,20,0,0,-1,-1,-1,-1,-1,-1,-1,-1,-1,-1,-1,-1,-1,-1,-1,-1,-1,-1,-1,-1,-1,-1,-1,-1,-1,-1,-1,-1,-1,-1,-1,-1,-1,-1,-1,-1,-1,-1,-1,-1,-1,-1,-1,-1,-1,-1,-1,-1,-1,-1,0,0.7452409999999999,0,15169,6388,185,1,4,2,3598,1,1,0,0,0,0
6,1,0,2,0,7,1,6,0,0,0,0,0,0,0,0,0,2,155,3,0,0,0,7,30,0,0,1,0,0,2,0,0,0,0,0,0,0,0,0,0,0,0,18,1,0,0,0,0,0,0,0,0,0,0,0,0,9,2,1,0,0,0,7,1,6,0,0,0,0,0,0,0,0,107,1,7,1,1.797793,-1,38719,-1,-1,1,2,1,13704,0,1,0,0,0,1
1,0,0,0,0,0,0,0,0,0,0,0,0,0,0,0,0,1,19,1,0,0,0,6,19,0,0,-1,-1,-1,-1,-1,-1,-1,-1,-1,-1,-1,-1,-1,-1,-1,-1,-1,-1,-1,-1,-1,-1,-1,-1,-1,-1,-1,-1,-1,-1,-1,-1,-1,-1,-1,-1,-1,-1,-1,-1,-1,-1,-1,-1,-1,-1,-1,-1,-1,-1,0,-1.0,0,-1,-1,-1,-1,0,0,-1,0,-1,-1,-1,0,0
2,0,0,0,0,0,0,0,0,0,0,0,0,0,0,0,0,1,12,2,0,0,0,1,12,0,0,-1,-1,-1,-1,-1,-1,-1,-1,-1,-1,-1,-1,-1,-1,-1,-1,-1,-1,-1,-1,-1,-1,-1,-1,-1,-1,-1,-1,-1,-1,-1,-1,-1,-1,-1,-1,-1,-1,-1,-1,-1,-1,-1,-1,-1,-1,-1,-1,-1,-1,0,2.156974,0,30481,6696,242,1,2,2,3600,1,0,0,0,0,0
3,0,1,4,0,3,0,2,0,0,0,0,0,0,0,0,0,1,242,2,0,0,0,8,22,0,0,1,0,0,4,0,0,0,0,0,0,0,0,0,0,0,0,55,1,0,0,0,0,0,0,0,0,0,0,0,0,9,0,0,1,0,0,3,0,2,0,0,0,0,0,0,0,0,165,0,3,0,0.581388,0,36352,-1,-1,1,4,1,14369,0,2,0,0,0,1
2,1,0,1,0,0,0,0,0,0,0,0,0,0,0,0,0,1,26,2,1,0,0,7,25,0,0,0,0,0,1,0,0,0,0,0,0,0,0,0,0,0,0,1,0,0,0,0,0,0,0,0,0,0,0,0,0,0,-1,-1,-1,-1,-1,-1,-1,-1,-1,-1,-1,-1,-1,-1,-1,-1,-1,-1,-1,0,0.220026,0,29119,-1,-1,1,4,0,3592,1,1,0,0,0,1
2,0,0,0,0,0,0,0,0,0,0,0,0,0,0,0,0,1,26,2,0,0,0,7,26,0,0,-1,-1,-1,-1,-1,-1,-1,-1,-1,-1,-1,-1,-1,-1,-1,-1,-1,-1,-1,-1,-1,-1,-1,-1,-1,-1,-1,-1,-1,-1,-1,-1,-1,-1,-1,-1,-1,-1,-1,-1,-1,-1,-1,-1,-1,-1,-1,-1,-1,-1,0,1.67285,0,40630,4454,293,1,2,0,3598,0,0,0,0,0,0
2,1,0,1,0,0,0,0,0,0,0,0,0,0,0,0,0,2,18,2,1,0,0,4,17,0,0,0,0,0,1,0,0,0,0,0,0,0,0,0,0,0,0,1,0,0,0,0,0,0,0,0,0,0,0,0,0,0,-1,-1,-1,-1,-1,-1,-1,-1,-1,-1,-1,-1,-1,-1,-1,-1,-1,-1,-1,0,1.305513,0,13335,5607,1697,2,2,2,299,1,1,0,0,0,0
2,0,0,0,0,0,0,0,0,0,0,0,0,0,0,0,0,1,13,2,0,0,0,3,13,0,0,-1,-1,-1,-1,-1,-1,-1,-1,-1,-1,-1,-1,-1,-1,-1,-1,-1,-1,-1,-1,-1,-1,-1,-1,-1,-1,-1,-1,-1,-1,-1,-1,-1,-1,-1,-1,-1,-1,-1,-1,-1,-1,-1,-1,-1,-1,-1,-1,-1,-1,0,0.104966,0,54113,8568,95,2,4,5,53,1,1,0,0,0,0
4,0,0,0,0,0,0,0,0,0,0,0,0,0,0,0,0,1,19,4,0,0,0,2,19,0,0,-1,-1,-1,-1,-1,-1,-1,-1,-1,-1,-1,-1,-1,-1,-1,-1,-1,-1,-1,-1,-1,-1,-1,-1,-1,-1,-1,-1,-1,-1,-1,-1,-1,-1,-1,-1,-1,-1,-1,-1,-1,-1,-1,-1,-1,-1,-1,-1,-1,-1,0,1.417196,0,262967,565,-1,1,3,3,357,1,0,0,0,0,0
2,0,0,0,0,0,0,0,0,0,0,0,0,0,0,0,0,1,22,2,0,0,0,8,22,0,0,-1,-1,-1,-1,-1,-1,-1,-1,-1,-1,-1,-1,-1,-1,-1,-1,-1,-1,-1,-1,-1,-1,-1,-1,-1,-1,-1,-1,-1,-1,-1,-1,-1,-1,-1,-1,-1,-1,-1,-1,-1,-1,-1,-1,-1,-1,-1,-1,-1,-1,0,-1.0,0,-1,169,195,-1,8,0,-1,0,-1,0,0,0,0
2,1,0,0,0,0,0,0,0,0,0,0,0,0,0,0,0,1,23,2,1,0,0,7,23,0,0,-1,-1,-1,-1,-1,-1,-1,-1,-1,-1,-1,-1,-1,-1,-1,-1,-1,-1,-1,-1,-1,-1,-1,-1,-1,-1,-1,-1,-1,-1,-1,-1,-1,-1,-1,-1,-1,-1,-1,-1,-1,-1,-1,-1,-1,-1,-1,-1,-1,-1,0,1.5834469999999998,0,13335,4284,463,-1,2,1,-1,1,0,0,0,0,0
2,1,0,0,0,0,0,0,0,0,0,0,0,0,0,0,0,2,15,2,1,0,0,4,15,0,0,-1,-1,-1,-1,-1,-1,-1,-1,-1,-1,-1,-1,-1,-1,-1,-1,-1,-1,-1,-1,-1,-1,-1,-1,-1,-1,-1,-1,-1,-1,-1,-1,-1,-1,-1,-1,-1,-1,-1,-1,-1,-1,-1,-1,-1,-1,-1,-1,-1,-1,0,0.578986,0,60781,6307,266,1,2,0,595,0,0,0,0,0,0
2,0,0,0,0,0,0,0,0,0,0,0,0,0,0,0,0,1,20,2,0,0,0,7,20,0,0,-1,-1,-1,-1,-1,-1,-1,-1,-1,-1,-1,-1,-1,-1,-1,-1,-1,-1,-1,-1,-1,-1,-1,-1,-1,-1,-1,-1,-1,-1,-1,-1,-1,-1,-1,-1,-1,-1,-1,-1,-1,-1,-1,-1,-1,-1,-1,-1,-1,-1,0,0.431329,0,30083,4648,99,1,4,3,298,0,0,0,0,0,0
2,0,0,0,0,0,0,0,0,0,0,0,0,0,0,0,0,1,17,2,0,0,0,4,17,0,0,-1,-1,-1,-1,-1,-1,-1,-1,-1,-1,-1,-1,-1,-1,-1,-1,-1,-1,-1,-1,-1,-1,-1,-1,-1,-1,-1,-1,-1,-1,-1,-1,-1,-1,-1,-1,-1,-1,-1,-1,-1,-1,-1,-1,-1,-1,-1,-1,-1,-1,0,0.609714,0,57169,-1,-1,1,4,1,14399,1,2,0,0,0,0
3,0,0,2,0,0,0,0,0,0,0,0,0,0,0,0,0,1,41,2,0,0,0,9,23,0,0,1,0,0,2,0,0,0,0,0,0,0,0,0,0,0,0,18,1,0,0,0,0,0,0,0,0,0,0,0,0,10,-1,-1,-1,-1,-1,-1,-1,-1,-1,-1,-1,-1,-1,-1,-1,-1,-1,-1,-1,0,0.306733,1,26496,-1,-1,1,4,1,3599,0,0,0,0,0,1
4,1,0,3,0,0,0,0,0,0,0,0,0,0,0,0,0,1,51,3,0,0,0,7,23,0,0,1,1,0,3,0,0,0,0,0,0,0,0,0,0,0,0,28,1,0,0,0,0,0,0,0,0,0,0,0,0,9,-1,-1,-1,-1,-1,-1,-1,-1,-1,-1,-1,-1,-1,-1,-1,-1,-1,-1,-1,0,3.165969,0,27715,3074,212,1,2,0,3596,1,1,0,0,0,1
2,0,0,0,0,0,0,0,0,0,0,0,0,0,0,0,0,1,18,2,0,0,0,5,18,0,0,-1,-1,-1,-1,-1,-1,-1,-1,-1,-1,-1,-1,-1,-1,-1,-1,-1,-1,-1,-1,-1,-1,-1,-1,-1,-1,-1,-1,-1,-1,-1,-1,-1,-1,-1,-1,-1,-1,-1,-1,-1,-1,-1,-1,-1,-1,-1,-1,-1,-1,0,0.370194,0,10653,7907,493,1,2,1,3,0,0,0,0,0,0
2,0,0,0,0,0,0,0,0,0,0,0,0,0,0,0,0,1,27,2,0,0,0,9,27,0,0,-1,-1,-1,-1,-1,-1,-1,-1,-1,-1,-1,-1,-1,-1,-1,-1,-1,-1,-1,-1,-1,-1,-1,-1,-1,-1,-1,-1,-1,-1,-1,-1,-1,-1,-1,-1,-1,-1,-1,-1,-1,-1,-1,-1,-1,-1,-1,-1,-1,-1,0,0.297789,0,10297,6923,381,1,2,1,5348,0,0,0,0,0,0
5,1,0,4,0,1,1,0,0,0,0,0,0,0,0,0,0,3,76,2,0,0,0,5,17,0,0,2,1,0,4,0,0,0,0,0,0,0,0,0,0,0,0,38,1,0,0,0,0,0,0,0,0,0,0,0,0,9,1,0,0,0,0,1,1,0,0,0,0,0,0,0,0,0,21,1,1,1,1.573303,-1,197343,809,285,1,2,1,14399,0,0,0,0,0,1
2,0,0,0,0,0,0,0,0,0,0,0,0,0,0,0,0,1,19,2,0,0,0,4,19,0,0,-1,-1,-1,-1,-1,-1,-1,-1,-1,-1,-1,-1,-1,-1,-1,-1,-1,-1,-1,-1,-1,-1,-1,-1,-1,-1,-1,-1,-1,-1,-1,-1,-1,-1,-1,-1,-1,-1,-1,-1,-1,-1,-1,-1,-1,-1,-1,-1,-1,-1,0,0.273608,0,24940,8349,50,1,2,3,86400,0,0,0,0,0,0
1,1,0,0,0,0,0,0,0,0,0,0,0,0,0,0,0,1,20,1,1,0,0,8,20,0,0,-1,-1,-1,-1,-1,-1,-1,-1,-1,-1,-1,-1,-1,-1,-1,-1,-1,-1,-1,-1,-1,-1,-1,-1,-1,-1,-1,-1,-1,-1,-1,-1,-1,-1,-1,-1,-1,-1,-1,-1,-1,-1,-1,-1,-1,-1,-1,-1,-1,-1,0,0.751512,0,47583,9,355,1,4,1,14394,0,0,0,0,0,1
2,1,0,0,0,0,0,0,0,0,0,0,0,0,0,0,0,1,23,2,1,0,0,8,23,0,0,-1,-1,-1,-1,-1,-1,-1,-1,-1,-1,-1,-1,-1,-1,-1,-1,-1,-1,-1,-1,-1,-1,-1,-1,-1,-1,-1,-1,-1,-1,-1,-1,-1,-1,-1,-1,-1,-1,-1,-1,-1,-1,-1,-1,-1,-1,-1,-1,-1,-1,0,0.169993,0,20446,6929,3297,1,4,1,256,1,1,1,0,0,0
2,0,0,1,0,0,0,0,0,0,0,0,0,0,0,0,0,1,26,2,0,0,0,4,15,0,0,0,0,0,1,0,0,0,0,0,0,0,0,0,0,0,0,11,0,0,0,0,0,0,0,0,0,0,0,0,0,10,-1,-1,-1,-1,-1,-1,-1,-1,-1,-1,-1,-1,-1,-1,-1,-1,-1,-1,-1,0,0.066954,0,20940,6758,1641,1,8,1,18,1,2,0,0,0,0
2,0,0,1,0,0,0,0,0,0,0,0,0,0,0,0,0,1,23,2,0,0,0,7,22,0,0,0,0,0,1,0,0,0,0,0,0,0,0,0,0,0,0,1,0,0,0,0,0,0,0,0,0,0,0,0,0,0,-1,-1,-1,-1,-1,-1,-1,-1,-1,-1,-1,-1,-1,-1,-1,-1,-1,-1,-1,0,0.6093970000000001,0,32475,6184,755,1,4,0,298,1,0,0,0,0,0
2,0,0,3,0,0,0,0,0,0,0,0,0,0,0,0,0,1,44,1,0,0,0,4,14,0,0,1,0,0,3,0,0,0,0,0,0,0,0,0,0,0,0,30,1,0,0,0,0,0,0,0,0,0,0,0,0,10,-1,-1,-1,-1,-1,-1,-1,-1,-1,-1,-1,-1,-1,-1,-1,-1,-1,-1,-1,0,0.924578,0,32475,649,80,1,2,2,3061,1,0,0,0,0,1
3,0,0,0,0,0,0,0,0,0,0,0,0,0,0,0,0,1,22,3,0,0,0,9,22,0,0,-1,-1,-1,-1,-1,-1,-1,-1,-1,-1,-1,-1,-1,-1,-1,-1,-1,-1,-1,-1,-1,-1,-1,-1,-1,-1,-1,-1,-1,-1,-1,-1,-1,-1,-1,-1,-1,-1,-1,-1,-1,-1,-1,-1,-1,-1,-1,-1,-1,-1,0,-1.0,0,-1,-1,-1,-1,4,1,-1,0,-1,0,0,0,0
2,1,0,0,0,0,0,0,0,0,0,0,0,0,0,0,0,1,19,2,1,0,0,4,19,0,0,-1,-1,-1,-1,-1,-1,-1,-1,-1,-1,-1,-1,-1,-1,-1,-1,-1,-1,-1,-1,-1,-1,-1,-1,-1,-1,-1,-1,-1,-1,-1,-1,-1,-1,-1,-1,-1,-1,-1,-1,-1,-1,-1,-1,-1,-1,-1,-1,-1,-1,0,0.343209,0,20013,6843,96,1,3,1,298,0,0,0,0,0,0
1,0,1,1,0,0,0,0,0,0,0,0,0,0,0,0,0,1,25,1,0,0,0,7,13,0,0,0,0,1,1,0,0,0,0,0,0,0,0,0,0,0,0,12,0,0,1,0,0,0,0,0,0,0,0,0,0,11,-1,-1,-1,-1,-1,-1,-1,-1,-1,-1,-1,-1,-1,-1,-1,-1,-1,-1,-1,0,0.862283,0,55660,309,55,1,2,1,8166,0,1,0,0,0,1
2,1,0,7,0,0,0,0,0,0,0,0,0,0,0,0,0,1,72,1,0,0,0,9,24,0,0,1,1,0,7,0,0,0,0,0,0,0,0,0,0,0,0,48,1,0,0,0,0,0,0,0,0,0,0,0,0,10,-1,-1,-1,-1,-1,-1,-1,-1,-1,-1,-1,-1,-1,-1,-1,-1,-1,-1,-1,0,10.65373,-1,45731,304,60,1,3,1,885,1,0,0,0,0,1
2,0,0,1,0,0,0,0,0,0,0,0,0,0,0,0,0,1,31,2,0,0,0,10,24,0,0,0,0,0,1,0,0,0,0,0,0,0,0,0,0,0,0,7,0,0,0,0,0,0,0,0,0,0,0,0,0,6,-1,-1,-1,-1,-1,-1,-1,-1,-1,-1,-1,-1,-1,-1,-1,-1,-1,-1,-1,0,0.148098,0,16509,-1,-1,2,4,2,21,1,0,0,0,0,0
3,1,0,5,0,1,1,0,0,0,0,0,0,0,0,0,0,2,114,1,0,0,0,7,18,0,0,1,1,0,5,0,0,0,0,0,0,0,0,0,0,0,0,73,1,0,0,0,0,0,0,0,0,0,0,0,0,9,1,0,0,0,0,1,1,0,0,0,0,0,0,0,0,0,23,1,1,1,0.458844,-1,9186,-1,-1,1,3,1,13872,0,0,0,0,0,1
1,2,0,6,0,0,0,0,0,0,0,0,0,0,0,0,0,1,60,1,1,0,0,6,16,0,0,0,1,0,6,0,0,0,0,0,0,0,0,0,0,0,0,44,0,0,0,0,0,0,0,0,0,0,0,0,0,0,-1,-1,-1,-1,-1,-1,-1,-1,-1,-1,-1,-1,-1,-1,-1,-1,-1,-1,-1,0,3.548245,1,20013,1742,83,1,2,1,3773,1,0,0,0,0,1
1,0,0,0,0,0,0,0,0,0,0,0,0,0,0,0,0,1,8,1,0,0,0,4,8,0,0,-1,-1,-1,-1,-1,-1,-1,-1,-1,-1,-1,-1,-1,-1,-1,-1,-1,-1,-1,-1,-1,-1,-1,-1,-1,-1,-1,-1,-1,-1,-1,-1,-1,-1,-1,-1,-1,-1,-1,-1,-1,-1,-1,-1,-1,-1,-1,-1,-1,-1,0,-1.0,0,29049,-1,-1,1,2,1,6606,0,-1,0,0,0,0
2,0,0,0,0,0,0,0,0,0,0,0,0,0,0,0,0,1,16,2,0,0,0,5,16,0,0,-1,-1,-1,-1,-1,-1,-1,-1,-1,-1,-1,-1,-1,-1,-1,-1,-1,-1,-1,-1,-1,-1,-1,-1,-1,-1,-1,-1,-1,-1,-1,-1,-1,-1,-1,-1,-1,-1,-1,-1,-1,-1,-1,-1,-1,-1,-1,-1,-1,-1,0,0.838607,0,13335,6620,684,2,2,2,120,1,1,0,0,0,0
1,0,0,0,0,0,0,0,0,0,0,0,0,0,0,0,0,1,11,1,0,0,0,4,11,0,0,-1,-1,-1,-1,-1,-1,-1,-1,-1,-1,-1,-1,-1,-1,-1,-1,-1,-1,-1,-1,-1,-1,-1,-1,-1,-1,-1,-1,-1,-1,-1,-1,-1,-1,-1,-1,-1,-1,-1,-1,-1,-1,-1,-1,-1,-1,-1,-1,-1,-1,0,0.615125,1,14537,5244,233,1,4,2,129,1,1,0,0,0,0
2,0,0,0,0,0,0,0,0,0,0,0,0,0,0,0,0,1,23,2,0,0,0,7,23,0,0,-1,-1,-1,-1,-1,-1,-1,-1,-1,-1,-1,-1,-1,-1,-1,-1,-1,-1,-1,-1,-1,-1,-1,-1,-1,-1,-1,-1,-1,-1,-1,-1,-1,-1,-1,-1,-1,-1,-1,-1,-1,-1,-1,-1,-1,-1,-1,-1,-1,-1,0,0.641699,0,13535,4523,224,1,2,1,597,0,1,0,0,0,0
2,0,0,0,0,0,0,0,0,0,0,0,0,0,0,0,0,1,12,2,0,0,0,3,12,0,0,-1,-1,-1,-1,-1,-1,-1,-1,-1,-1,-1,-1,-1,-1,-1,-1,-1,-1,-1,-1,-1,-1,-1,-1,-1,-1,-1,-1,-1,-1,-1,-1,-1,-1,-1,-1,-1,-1,-1,-1,-1,-1,-1,-1,-1,-1,-1,-1,-1,-1,0,-1.0,0,-1,319,45,2,2,0,298,0,-1,0,0,0,0
1,0,0,4,0,0,0,0,0,0,0,0,0,0,0,0,0,1,63,1,0,0,0,3,11,0,0,0,0,0,4,0,0,0,0,0,0,0,0,0,0,0,0,52,0,0,0,0,0,0,0,0,0,0,0,0,0,32,-1,-1,-1,-1,-1,-1,-1,-1,-1,-1,-1,-1,-1,-1,-1,-1,-1,-1,-1,0,2.03206,1,46606,3221,65,1,2,1,14389,1,0,0,0,0,1
1,0,0,1,0,0,0,0,0,0,0,0,0,0,0,0,0,1,16,1,0,0,0,3,12,0,0,0,0,0,1,0,0,0,0,0,0,0,0,0,0,0,0,4,0,0,0,0,0,0,0,0,0,0,0,0,0,3,-1,-1,-1,-1,-1,-1,-1,-1,-1,-1,-1,-1,-1,-1,-1,-1,-1,-1,-1,0,0.225911,-1,48666,494,235,1,2,1,10593,1,1,0,0,0,1
1,0,0,0,0,0,0,0,0,0,0,0,0,0,0,0,0,1,13,1,0,0,0,5,13,0,0,-1,-1,-1,-1,-1,-1,-1,-1,-1,-1,-1,-1,-1,-1,-1,-1,-1,-1,-1,-1,-1,-1,-1,-1,-1,-1,-1,-1,-1,-1,-1,-1,-1,-1,-1,-1,-1,-1,-1,-1,-1,-1,-1,-1,-1,-1,-1,-1,-1,-1,0,0.733043,1,26496,6236,337,1,2,5,591,1,1,0,0,0,0
2,0,0,0,0,0,0,0,0,0,0,0,0,0,0,0,0,1,17,2,0,0,0,6,17,0,0,-1,-1,-1,-1,-1,-1,-1,-1,-1,-1,-1,-1,-1,-1,-1,-1,-1,-1,-1,-1,-1,-1,-1,-1,-1,-1,-1,-1,-1,-1,-1,-1,-1,-1,-1,-1,-1,-1,-1,-1,-1,-1,-1,-1,-1,-1,-1,-1,-1,-1,0,0.222854,0,14618,7237,431,1,4,1,3598,0,1,0,0,0,0
3,1,0,4,0,1,0,0,0,0,0,0,0,0,0,0,0,1,59,2,1,0,0,6,18,0,0,1,0,0,4,0,0,0,0,0,0,0,0,0,0,0,0,32,1,0,0,0,0,0,0,0,0,0,0,0,0,7,0,0,0,0,0,1,0,0,0,0,0,0,0,0,0,0,9,0,1,0,1.252025,0,24446,-1,-1,1,2,1,5926,0,0,0,0,0,1
2,0,0,0,0,0,0,0,0,0,0,0,0,0,0,0,0,1,14,2,0,0,0,3,14,0,0,-1,-1,-1,-1,-1,-1,-1,-1,-1,-1,-1,-1,-1,-1,-1,-1,-1,-1,-1,-1,-1,-1,-1,-1,-1,-1,-1,-1,-1,-1,-1,-1,-1,-1,-1,-1,-1,-1,-1,-1,-1,-1,-1,-1,-1,-1,-1,-1,-1,-1,0,0.341353,0,395082,6456,117,1,2,2,10799,0,0,0,0,0,0
2,0,0,0,0,0,0,0,0,0,0,0,0,0,0,0,0,1,11,2,0,0,0,1,11,0,0,-1,-1,-1,-1,-1,-1,-1,-1,-1,-1,-1,-1,-1,-1,-1,-1,-1,-1,-1,-1,-1,-1,-1,-1,-1,-1,-1,-1,-1,-1,-1,-1,-1,-1,-1,-1,-1,-1,-1,-1,-1,-1,-1,-1,-1,-1,-1,-1,-1,-1,0,0.140751,0,31673,-1,-1,1,3,2,3594,0,0,0,0,0,0
3,1,1,7,0,0,0,0,0,0,0,0,0,0,0,0,0,1,78,1,0,0,0,5,16,0,0,2,1,1,7,0,0,0,0,0,0,0,0,0,0,0,0,57,0,0,0,0,0,0,0,0,0,0,0,0,0,0,0,0,0,0,0,0,0,0,0,0,0,0,0,0,0,0,5,0,0,0,0.818333,1,20013,3820,196,1,2,1,1257,1,0,0,0,0,1
2,0,0,0,0,0,0,0,0,0,0,0,0,0,0,0,0,1,22,2,0,0,0,5,22,0,0,-1,-1,-1,-1,-1,-1,-1,-1,-1,-1,-1,-1,-1,-1,-1,-1,-1,-1,-1,-1,-1,-1,-1,-1,-1,-1,-1,-1,-1,-1,-1,-1,-1,-1,-1,-1,-1,-1,-1,-1,-1,-1,-1,-1,-1,-1,-1,-1,-1,-1,0,0.545977,1,20013,6356,217,1,2,1,14390,1,0,0,0,0,0
3,0,0,4,0,1,0,0,0,0,0,0,0,0,0,0,0,1,95,2,0,0,0,10,25,0,0,1,0,0,4,0,0,0,0,0,0,0,0,0,0,0,0,58,1,0,0,0,0,0,0,0,0,0,0,0,0,13,0,0,0,0,0,1,0,0,0,0,0,0,0,0,0,0,12,0,1,0,1.140986,0,31034,1012,83,1,4,1,17244,0,0,0,0,0,1
2,1,0,4,0,1,0,0,0,0,0,0,0,0,0,0,0,1,78,2,0,0,0,6,21,0,0,0,1,0,4,0,1,0,0,0,0,0,0,0,0,0,0,57,0,0,0,0,0,0,0,0,0,0,0,0,0,0,-1,-1,-1,-1,-1,-1,-1,-1,-1,-1,-1,-1,-1,-1,-1,-1,-1,-1,-1,0,-1.0,0,-1,3595,787,-1,2,0,-1,0,-1,0,0,0,1
2,0,0,1,0,0,0,0,0,0,0,0,0,0,0,0,0,1,14,2,0,0,0,3,13,0,0,0,0,0,1,0,0,0,0,0,0,0,0,0,0,0,0,1,0,0,0,0,0,0,0,0,0,0,0,0,0,0,-1,-1,-1,-1,-1,-1,-1,-1,-1,-1,-1,-1,-1,-1,-1,-1,-1,-1,-1,0,0.165575,0,13335,-1,-1,2,2,6,299,1,0,0,0,0,0
1,0,0,1,0,0,0,0,0,0,0,0,0,0,0,0,0,1,21,1,0,0,0,7,20,0,0,0,0,0,1,0,0,0,0,0,0,0,0,0,0,0,0,1,0,0,0,0,0,0,0,0,0,0,0,0,0,0,-1,-1,-1,-1,-1,-1,-1,-1,-1,-1,-1,-1,-1,-1,-1,-1,-1,-1,-1,0,0.10566,-1,201299,941,154,1,2,1,3253,0,0,0,0,0,1
6,0,0,6,0,3,0,2,0,0,0,0,0,0,0,0,0,1,144,1,0,0,0,11,24,0,0,1,0,0,6,0,0,0,0,0,0,0,0,0,0,0,0,47,1,0,0,0,0,0,0,0,0,0,0,0,0,7,4,0,0,0,0,3,0,2,0,0,0,0,0,0,0,0,73,0,1,0,0.553894,0,26496,3432,219,1,2,0,9134,0,0,0,0,0,1
2,0,0,3,0,0,0,0,0,0,0,0,0,0,0,0,0,1,40,2,0,0,0,6,16,0,0,0,0,0,3,0,0,0,0,0,0,0,0,0,0,0,0,24,0,0,0,0,0,0,0,0,0,0,0,0,0,0,-1,-1,-1,-1,-1,-1,-1,-1,-1,-1,-1,-1,-1,-1,-1,-1,-1,-1,-1,0,0.199735,0,15169,-1,-1,1,4,5,296,1,0,0,0,0,1
2,0,0,0,0,0,0,0,0,0,0,0,0,0,0,0,0,1,16,2,0,0,0,5,16,0,0,-1,-1,-1,-1,-1,-1,-1,-1,-1,-1,-1,-1,-1,-1,-1,-1,-1,-1,-1,-1,-1,-1,-1,-1,-1,-1,-1,-1,-1,-1,-1,-1,-1,-1,-1,-1,-1,-1,-1,-1,-1,-1,-1,-1,-1,-1,-1,-1,-1,-1,0,2.718159,0,29854,7561,107,1,3,1,14389,0,0,0,0,0,0
1,1,0,2,0,0,0,0,0,0,0,0,0,0,0,0,0,1,41,1,0,0,0,8,19,0,0,0,1,0,2,0,0,0,0,0,0,0,0,0,0,0,0,22,0,0,0,0,0,0,0,0,0,0,0,0,0,0,-1,-1,-1,-1,-1,-1,-1,-1,-1,-1,-1,-1,-1,-1,-1,-1,-1,-1,-1,0,0.6891579999999999,-1,63410,4740,372,1,2,1,784,1,0,0,0,0,0
2,0,0,0,0,0,0,0,0,0,0,0,0,0,0,0,0,1,22,2,0,0,0,5,22,0,0,-1,-1,-1,-1,-1,-1,-1,-1,-1,-1,-1,-1,-1,-1,-1,-1,-1,-1,-1,-1,-1,-1,-1,-1,-1,-1,-1,-1,-1,-1,-1,-1,-1,-1,-1,-1,-1,-1,-1,-1,-1,-1,-1,-1,-1,-1,-1,-1,-1,-1,0,0.462778,0,31815,6083,125,1,2,1,6834,0,0,0,0,0,0
1,0,0,1,0,0,0,0,0,0,0,0,0,0,0,0,0,1,16,1,0,0,0,4,15,0,0,0,0,0,1,0,0,0,0,0,0,0,0,0,0,0,0,1,0,0,0,0,0,0,0,0,0,0,0,0,0,0,-1,-1,-1,-1,-1,-1,-1,-1,-1,-1,-1,-1,-1,-1,-1,-1,-1,-1,-1,0,0.137725,-1,60781,116,248,1,2,1,592,0,0,0,0,0,1
2,0,0,1,0,0,0,0,0,0,0,0,0,0,0,0,0,1,14,2,0,0,0,2,13,0,0,0,0,0,1,0,0,0,0,0,0,0,0,0,0,0,0,1,0,0,0,0,0,0,0,0,0,0,0,0,0,0,-1,-1,-1,-1,-1,-1,-1,-1,-1,-1,-1,-1,-1,-1,-1,-1,-1,-1,-1,0,2.694028,0,16509,5316,161,-1,4,1,-1,1,0,0,0,0,0
1,0,0,1,0,0,0,0,0,0,0,0,0,0,0,0,0,1,22,1,0,0,0,3,11,0,0,0,0,0,1,0,0,0,0,0,0,0,0,0,0,0,0,11,0,0,0,0,0,0,0,0,0,0,0,0,0,10,-1,-1,-1,-1,-1,-1,-1,-1,-1,-1,-1,-1,-1,-1,-1,-1,-1,-1,-1,0,0.233343,1,13414,6831,473,2,12,5,375,1,0,0,0,0,0
3,0,0,0,0,0,0,0,0,0,0,0,0,0,0,0,0,1,25,3,0,0,0,7,25,0,0,-1,-1,-1,-1,-1,-1,-1,-1,-1,-1,-1,-1,-1,-1,-1,-1,-1,-1,-1,-1,-1,-1,-1,-1,-1,-1,-1,-1,-1,-1,-1,-1,-1,-1,-1,-1,-1,-1,-1,-1,-1,-1,-1,-1,-1,-1,-1,-1,-1,-1,0,2.706918,0,8560,5236,607,1,4,2,3599,0,0,0,0,0,0
3,0,0,3,0,0,0,0,0,0,0,0,0,0,0,0,0,1,54,2,0,0,0,11,29,0,0,1,0,0,3,0,0,0,0,0,0,0,0,0,0,0,0,25,1,0,0,0,0,0,0,0,0,0,0,0,0,9,-1,-1,-1,-1,-1,-1,-1,-1,-1,-1,-1,-1,-1,-1,-1,-1,-1,-1,-1,0,0.562996,-1,6429,2341,610,1,4,1,11497,0,0,0,0,0,1
2,0,0,2,0,0,0,0,0,0,0,0,0,0,0,0,0,1,22,2,0,0,0,1,11,0,0,0,0,0,2,0,0,0,0,0,0,0,0,0,0,0,0,11,0,0,0,0,0,0,0,0,0,0,0,0,0,5,-1,-1,-1,-1,-1,-1,-1,-1,-1,-1,-1,-1,-1,-1,-1,-1,-1,-1,-1,0,0.229583,-1,-1,8722,407,1,4,1,13,1,2,0,0,0,0
2,0,0,0,0,0,0,0,0,0,0,0,0,0,0,0,0,1,17,2,0,0,0,5,17,0,0,-1,-1,-1,-1,-1,-1,-1,-1,-1,-1,-1,-1,-1,-1,-1,-1,-1,-1,-1,-1,-1,-1,-1,-1,-1,-1,-1,-1,-1,-1,-1,-1,-1,-1,-1,-1,-1,-1,-1,-1,-1,-1,-1,-1,-1,-1,-1,-1,-1,-1,0,0.418425,0,44684,6864,75,1,2,2,3598,1,1,0,0,0,0
3,3,0,5,0,0,0,0,0,0,0,0,0,0,0,0,0,1,79,2,3,0,0,15,49,0,0,1,0,0,5,0,0,0,0,0,0,0,0,0,0,0,0,30,1,0,0,0,0,0,0,0,0,0,0,0,0,9,-1,-1,-1,-1,-1,-1,-1,-1,-1,-1,-1,-1,-1,-1,-1,-1,-1,-1,-1,0,0.933365,0,39729,-1,-1,1,2,1,891,1,0,0,0,0,1
3,0,0,1,0,0,0,0,0,0,0,0,0,0,0,0,0,1,15,3,0,0,0,4,14,0,0,0,0,0,1,0,0,0,0,0,0,0,0,0,0,0,0,1,0,0,0,0,0,0,0,0,0,0,0,0,0,0,-1,-1,-1,-1,-1,-1,-1,-1,-1,-1,-1,-1,-1,-1,-1,-1,-1,-1,-1,0,0.35102,0,-1,-1,-1,1,8,2,299,1,1,0,0,0,0
2,0,0,0,0,0,0,0,0,0,0,0,0,0,0,0,0,1,13,2,0,0,0,3,13,0,0,-1,-1,-1,-1,-1,-1,-1,-1,-1,-1,-1,-1,-1,-1,-1,-1,-1,-1,-1,-1,-1,-1,-1,-1,-1,-1,-1,-1,-1,-1,-1,-1,-1,-1,-1,-1,-1,-1,-1,-1,-1,-1,-1,-1,-1,-1,-1,-1,-1,-1,0,-1.0,0,-1,5627,1312,-1,2,0,-1,0,-1,0,0,0,0
2,3,0,2,0,0,0,0,0,0,0,0,0,0,0,0,0,1,53,1,0,0,0,4,14,0,0,1,3,0,2,0,0,0,0,0,0,0,0,0,0,0,0,39,1,3,0,0,0,0,0,0,0,0,0,0,0,31,-1,-1,-1,-1,-1,-1,-1,-1,-1,-1,-1,-1,-1,-1,-1,-1,-1,-1,-1,0,0.850658,0,26496,2473,448,1,2,2,595,0,0,0,0,0,1
3,0,0,1,0,0,0,0,0,0,0,0,0,0,0,0,0,1,32,2,0,0,0,4,22,0,0,1,0,0,1,0,0,0,0,0,0,0,0,0,0,0,0,10,1,0,0,0,0,0,0,0,0,0,0,0,0,9,-1,-1,-1,-1,-1,-1,-1,-1,-1,-1,-1,-1,-1,-1,-1,-1,-1,-1,-1,0,0.5808369999999999,0,20013,358,6,1,4,0,3598,0,0,0,0,0,1
1,0,0,0,0,0,0,0,0,0,0,0,0,0,0,0,0,1,18,1,0,0,0,7,18,0,0,-1,-1,-1,-1,-1,-1,-1,-1,-1,-1,-1,-1,-1,-1,-1,-1,-1,-1,-1,-1,-1,-1,-1,-1,-1,-1,-1,-1,-1,-1,-1,-1,-1,-1,-1,-1,-1,-1,-1,-1,-1,-1,-1,-1,-1,-1,-1,-1,-1,-1,0,0.620448,0,13768,6871,68,1,5,1,3591,0,1,0,0,0,0
2,0,0,0,0,0,0,0,0,0,0,0,0,0,0,0,0,1,17,2,0,0,0,5,17,0,0,-1,-1,-1,-1,-1,-1,-1,-1,-1,-1,-1,-1,-1,-1,-1,-1,-1,-1,-1,-1,-1,-1,-1,-1,-1,-1,-1,-1,-1,-1,-1,-1,-1,-1,-1,-1,-1,-1,-1,-1,-1,-1,-1,-1,-1,-1,-1,-1,-1,-1,0,0.58778,1,8075,-1,-1,1,2,1,3594,1,2,0,0,0,0
4,0,0,0,0,0,0,0,0,0,0,0,0,0,0,0,0,1,21,4,0,0,0,5,21,0,0,-1,-1,-1,-1,-1,-1,-1,-1,-1,-1,-1,-1,-1,-1,-1,-1,-1,-1,-1,-1,-1,-1,-1,-1,-1,-1,-1,-1,-1,-1,-1,-1,-1,-1,-1,-1,-1,-1,-1,-1,-1,-1,-1,-1,-1,-1,-1,-1,-1,-1,0,2.02752,1,27715,7883,-1,1,3,4,3584,0,0,0,0,0,0
1,0,0,0,0,0,0,0,0,0,0,0,0,0,0,0,0,1,14,1,0,0,0,4,14,0,0,-1,-1,-1,-1,-1,-1,-1,-1,-1,-1,-1,-1,-1,-1,-1,-1,-1,-1,-1,-1,-1,-1,-1,-1,-1,-1,-1,-1,-1,-1,-1,-1,-1,-1,-1,-1,-1,-1,-1,-1,-1,-1,-1,-1,-1,-1,-1,-1,-1,-1,0,0.1183099999999999,1,16509,2898,1484,4,4,5,51,1,3,0,0,0,0
2,0,0,0,0,0,0,0,0,0,0,0,0,0,0,0,0,1,13,2,0,0,0,2,13,0,0,-1,-1,-1,-1,-1,-1,-1,-1,-1,-1,-1,-1,-1,-1,-1,-1,-1,-1,-1,-1,-1,-1,-1,-1,-1,-1,-1,-1,-1,-1,-1,-1,-1,-1,-1,-1,-1,-1,-1,-1,-1,-1,-1,-1,-1,-1,-1,-1,-1,-1,0,0.831023,1,16509,8669,1921,3,4,0,46,1,1,0,0,0,0
1,0,1,8,0,0,0,0,0,0,0,0,0,0,0,0,0,1,101,1,0,0,0,6,12,0,0,0,0,1,8,0,0,0,0,0,0,0,0,0,0,0,0,89,0,0,0,0,0,0,0,0,0,0,0,0,0,0,-1,-1,-1,-1,-1,-1,-1,-1,-1,-1,-1,-1,-1,-1,-1,-1,-1,-1,-1,0,1.003759,-1,5588,4288,64,1,3,1,14391,1,1,0,0,0,1
1,0,0,2,0,0,0,0,0,0,0,0,0,0,0,0,0,1,23,1,0,0,0,8,17,0,0,0,0,0,2,0,0,0,0,0,0,0,0,0,0,0,0,6,0,0,0,0,0,0,0,0,0,0,0,0,0,0,-1,-1,-1,-1,-1,-1,-1,-1,-1,-1,-1,-1,-1,-1,-1,-1,-1,-1,-1,0,0.185967,-1,57152,449,280,1,3,1,3570,0,0,0,0,0,1
1,1,0,5,0,1,0,0,0,0,0,0,0,0,0,0,0,1,72,1,0,0,0,3,14,0,0,0,1,0,5,0,1,0,0,0,0,0,0,0,0,0,0,58,0,0,0,0,0,0,0,0,0,0,0,0,0,0,-1,-1,-1,-1,-1,-1,-1,-1,-1,-1,-1,-1,-1,-1,-1,-1,-1,-1,-1,0,0.789031,1,24323,4838,640,1,5,1,4662,0,0,0,0,0,1
2,0,0,0,0,0,0,0,0,0,0,0,0,0,0,0,0,1,23,2,0,0,0,5,23,0,0,-1,-1,-1,-1,-1,-1,-1,-1,-1,-1,-1,-1,-1,-1,-1,-1,-1,-1,-1,-1,-1,-1,-1,-1,-1,-1,-1,-1,-1,-1,-1,-1,-1,-1,-1,-1,-1,-1,-1,-1,-1,-1,-1,-1,-1,-1,-1,-1,-1,-1,0,0.715774,0,22915,4996,847,1,3,1,21598,1,1,0,0,0,0
2,0,0,1,0,0,0,0,0,0,0,0,0,0,0,0,0,1,19,2,0,0,0,5,18,0,0,0,0,0,1,0,0,0,0,0,0,0,0,0,0,0,0,1,0,0,0,0,0,0,0,0,0,0,0,0,0,0,-1,-1,-1,-1,-1,-1,-1,-1,-1,-1,-1,-1,-1,-1,-1,-1,-1,-1,-1,0,1.143122,-1,54290,-1,-1,1,2,1,14389,1,0,0,0,0,1
2,0,0,2,0,0,0,0,0,0,0,0,0,0,0,0,0,1,29,2,0,0,0,5,16,0,0,0,0,0,2,0,0,0,0,0,0,0,0,0,0,0,0,13,0,0,0,0,0,0,0,0,0,0,0,0,0,0,-1,-1,-1,-1,-1,-1,-1,-1,-1,-1,-1,-1,-1,-1,-1,-1,-1,-1,-1,0,0.22666,0,32934,7860,3463,1,2,1,62,1,0,0,0,0,0
2,0,0,0,0,0,0,0,0,0,0,0,0,0,0,0,0,1,41,2,0,0,0,13,41,0,0,-1,-1,-1,-1,-1,-1,-1,-1,-1,-1,-1,-1,-1,-1,-1,-1,-1,-1,-1,-1,-1,-1,-1,-1,-1,-1,-1,-1,-1,-1,-1,-1,-1,-1,-1,-1,-1,-1,-1,-1,-1,-1,-1,-1,-1,-1,-1,-1,-1,-1,0,0.188551,0,15169,-1,-1,1,4,0,296,1,0,0,0,0,0
1,1,0,11,0,0,0,0,0,0,0,0,0,0,0,0,0,1,87,1,0,0,0,7,21,0,0,0,1,0,11,0,0,0,0,0,0,0,0,0,0,0,0,66,0,0,0,0,0,0,0,0,0,0,0,0,0,0,-1,-1,-1,-1,-1,-1,-1,-1,-1,-1,-1,-1,-1,-1,-1,-1,-1,-1,-1,0,0.602988,-1,32244,3244,42,1,2,1,259,1,0,0,0,0,1
2,0,0,4,0,0,0,0,0,0,0,0,0,0,0,0,0,1,50,1,0,0,0,7,17,0,0,1,0,0,4,0,0,0,0,0,0,0,0,0,0,0,0,33,1,0,0,0,0,0,0,0,0,0,0,0,0,8,-1,-1,-1,-1,-1,-1,-1,-1,-1,-1,-1,-1,-1,-1,-1,-1,-1,-1,-1,0,1.454996,1,-1,1252,208,1,2,1,14382,1,0,0,0,0,1
2,2,0,2,0,1,0,1,0,0,0,0,0,0,0,0,0,1,207,1,2,0,0,11,35,0,0,1,0,0,2,0,0,0,0,0,0,0,0,0,0,0,0,23,1,0,0,0,0,0,0,0,0,0,0,0,0,17,0,0,0,0,0,1,0,1,0,0,0,0,0,0,0,0,149,0,1,0,-1.0,0,-1,11,353,-1,4,0,-1,0,-1,0,0,0,1
2,0,0,0,0,0,0,0,0,0,0,0,0,0,0,0,0,1,16,2,0,0,0,3,16,0,0,-1,-1,-1,-1,-1,-1,-1,-1,-1,-1,-1,-1,-1,-1,-1,-1,-1,-1,-1,-1,-1,-1,-1,-1,-1,-1,-1,-1,-1,-1,-1,-1,-1,-1,-1,-1,-1,-1,-1,-1,-1,-1,-1,-1,-1,-1,-1,-1,-1,-1,0,0.453162,0,133618,478,251,1,2,0,3599,0,1,0,0,0,0
2,0,0,0,0,0,0,0,0,0,0,0,0,0,0,0,0,1,16,2,0,0,0,4,16,0,0,-1,-1,-1,-1,-1,-1,-1,-1,-1,-1,-1,-1,-1,-1,-1,-1,-1,-1,-1,-1,-1,-1,-1,-1,-1,-1,-1,-1,-1,-1,-1,-1,-1,-1,-1,-1,-1,-1,-1,-1,-1,-1,-1,-1,-1,-1,-1,-1,-1,-1,0,0.47894,0,20218,6393,180,1,2,1,14390,1,0,0,0,0,0
1,0,0,0,0,0,0,0,0,0,0,0,0,0,0,0,0,1,10,1,0,0,0,2,10,0,0,-1,-1,-1,-1,-1,-1,-1,-1,-1,-1,-1,-1,-1,-1,-1,-1,-1,-1,-1,-1,-1,-1,-1,-1,-1,-1,-1,-1,-1,-1,-1,-1,-1,-1,-1,-1,-1,-1,-1,-1,-1,-1,-1,-1,-1,-1,-1,-1,-1,-1,0,0.190765,1,19551,3833,183,2,4,1,3592,1,1,0,0,0,0
2,0,0,0,0,0,0,0,0,0,0,0,0,0,0,0,0,1,23,2,0,0,0,7,23,0,0,-1,-1,-1,-1,-1,-1,-1,-1,-1,-1,-1,-1,-1,-1,-1,-1,-1,-1,-1,-1,-1,-1,-1,-1,-1,-1,-1,-1,-1,-1,-1,-1,-1,-1,-1,-1,-1,-1,-1,-1,-1,-1,-1,-1,-1,-1,-1,-1,-1,-1,0,0.5906,0,26496,5795,48,1,2,2,3590,0,0,0,0,0,0
2,0,0,0,0,0,0,0,0,0,0,0,0,0,0,0,0,1,26,2,0,0,0,8,26,0,0,-1,-1,-1,-1,-1,-1,-1,-1,-1,-1,-1,-1,-1,-1,-1,-1,-1,-1,-1,-1,-1,-1,-1,-1,-1,-1,-1,-1,-1,-1,-1,-1,-1,-1,-1,-1,-1,-1,-1,-1,-1,-1,-1,-1,-1,-1,-1,-1,-1,-1,0,0.885935,-1,6939,5615,959,1,3,1,14389,1,1,0,0,0,0
2,0,0,3,0,0,0,0,0,0,0,0,0,0,0,0,0,1,42,2,0,0,0,6,21,0,0,0,0,0,3,0,0,0,0,0,0,0,0,0,0,0,0,21,0,0,0,0,0,0,0,0,0,0,0,0,0,0,-1,-1,-1,-1,-1,-1,-1,-1,-1,-1,-1,-1,-1,-1,-1,-1,-1,-1,-1,0,0.674211,1,20013,2033,157,1,2,1,14390,1,0,0,0,0,1
2,1,0,6,0,0,0,0,0,0,0,0,0,0,0,0,0,1,47,1,0,0,0,2,11,0,0,1,1,0,6,0,0,0,0,0,0,0,0,0,0,0,0,36,1,0,0,0,0,0,0,0,0,0,0,0,0,10,-1,-1,-1,-1,-1,-1,-1,-1,-1,-1,-1,-1,-1,-1,-1,-1,-1,-1,-1,0,-1.0,0,26496,2552,239,1,2,0,3548,0,0,0,0,0,1
2,0,0,2,0,0,0,0,0,0,0,0,0,0,0,0,0,1,27,1,0,0,0,5,12,0,0,1,0,0,2,0,0,0,0,0,0,0,0,0,0,0,0,15,1,0,0,0,0,0,0,0,0,0,0,0,0,9,-1,-1,-1,-1,-1,-1,-1,-1,-1,-1,-1,-1,-1,-1,-1,-1,-1,-1,-1,0,0.847255,1,46606,2553,-1,1,2,1,14387,0,0,0,0,0,1
4,1,0,3,0,4,0,5,0,0,0,0,0,0,0,0,0,2,112,1,0,0,0,4,15,0,0,2,0,0,3,0,0,0,1,0,0,0,0,0,0,0,0,36,0,0,0,0,0,1,0,0,0,0,0,0,0,15,-1,-1,-1,-1,-1,-1,-1,-1,-1,-1,-1,-1,-1,-1,-1,-1,-1,-1,-1,0,1.007455,1,46606,1679,146,1,2,1,14389,1,0,0,0,0,1
2,0,0,0,0,0,0,0,0,0,0,0,0,0,0,0,0,1,19,2,0,0,0,5,19,0,0,-1,-1,-1,-1,-1,-1,-1,-1,-1,-1,-1,-1,-1,-1,-1,-1,-1,-1,-1,-1,-1,-1,-1,-1,-1,-1,-1,-1,-1,-1,-1,-1,-1,-1,-1,-1,-1,-1,-1,-1,-1,-1,-1,-1,-1,-1,-1,-1,-1,-1,0,0.375259,0,53831,7148,156,4,2,2,600,1,0,0,0,0,0
3,0,0,0,0,0,0,0,0,0,0,0,0,0,0,0,0,1,24,3,0,0,0,9,24,0,0,-1,-1,-1,-1,-1,-1,-1,-1,-1,-1,-1,-1,-1,-1,-1,-1,-1,-1,-1,-1,-1,-1,-1,-1,-1,-1,-1,-1,-1,-1,-1,-1,-1,-1,-1,-1,-1,-1,-1,-1,-1,-1,-1,-1,-1,-1,-1,-1,-1,-1,0,0.65871,0,36351,-1,-1,1,4,7,300,0,0,0,0,0,0
14,0,0,2,0,3,1,8,0,0,0,0,0,0,0,0,0,2,221,2,0,0,0,5,17,0,0,1,0,0,2,0,0,0,0,0,0,0,0,0,0,0,0,23,1,0,0,0,0,0,0,0,0,0,0,0,0,11,11,0,0,0,0,3,1,8,0,0,0,0,0,0,0,0,181,1,3,1,0.4462640000000001,1,26496,3641,375,1,2,1,8795,0,0,0,0,0,1
2,0,0,0,0,0,0,0,0,0,0,0,0,0,0,0,0,1,17,2,0,0,0,4,17,0,0,-1,-1,-1,-1,-1,-1,-1,-1,-1,-1,-1,-1,-1,-1,-1,-1,-1,-1,-1,-1,-1,-1,-1,-1,-1,-1,-1,-1,-1,-1,-1,-1,-1,-1,-1,-1,-1,-1,-1,-1,-1,-1,-1,-1,-1,-1,-1,-1,-1,-1,0,0.345312,0,29873,5967,1337,1,2,1,3598,1,0,0,0,0,0
2,1,0,1,0,0,0,0,0,0,0,0,0,0,0,0,0,1,26,2,1,0,0,7,25,0,0,0,0,0,1,0,0,0,0,0,0,0,0,0,0,0,0,1,0,0,0,0,0,0,0,0,0,0,0,0,0,0,-1,-1,-1,-1,-1,-1,-1,-1,-1,-1,-1,-1,-1,-1,-1,-1,-1,-1,-1,0,0.550615,1,26101,-1,-1,3,6,5,260,1,1,0,0,0,1
1,0,0,0,0,0,0,0,0,0,0,0,0,0,0,0,0,1,10,1,0,0,0,3,10,0,0,-1,-1,-1,-1,-1,-1,-1,-1,-1,-1,-1,-1,-1,-1,-1,-1,-1,-1,-1,-1,-1,-1,-1,-1,-1,-1,-1,-1,-1,-1,-1,-1,-1,-1,-1,-1,-1,-1,-1,-1,-1,-1,-1,-1,-1,-1,-1,-1,-1,-1,0,0.27192,1,16509,5843,365,8,7,4,4171,0,0,0,0,0,0
2,0,0,0,0,0,0,0,0,0,0,0,0,0,0,0,0,1,24,2,0,0,0,7,24,0,1,-1,-1,-1,-1,-1,-1,-1,-1,-1,-1,-1,-1,-1,-1,-1,-1,-1,-1,-1,-1,-1,-1,-1,-1,-1,-1,-1,-1,-1,-1,-1,-1,-1,-1,-1,-1,-1,-1,-1,-1,-1,-1,-1,-1,-1,-1,-1,-1,-1,-1,0,0.6483869999999999,0,13446,-1,-1,1,2,2,292,0,0,0,0,0,0
1,0,0,0,0,0,0,0,0,0,0,0,0,0,0,0,0,1,13,1,0,0,0,4,13,0,0,-1,-1,-1,-1,-1,-1,-1,-1,-1,-1,-1,-1,-1,-1,-1,-1,-1,-1,-1,-1,-1,-1,-1,-1,-1,-1,-1,-1,-1,-1,-1,-1,-1,-1,-1,-1,-1,-1,-1,-1,-1,-1,-1,-1,-1,-1,-1,-1,-1,-1,0,0.797131,-1,46606,3249,37,1,2,1,14391,1,0,0,0,0,0
3,0,0,1,0,0,0,0,0,0,0,0,0,0,0,0,0,1,21,3,0,0,0,4,20,0,0,0,0,0,1,0,0,0,0,0,0,0,0,0,0,0,0,1,0,0,0,0,0,0,0,0,0,0,0,0,0,0,-1,-1,-1,-1,-1,-1,-1,-1,-1,-1,-1,-1,-1,-1,-1,-1,-1,-1,-1,0,0.451501,0,13335,8021,378,1,2,7,119,1,0,0,0,0,0
2,0,0,0,0,0,0,0,0,0,0,0,0,0,0,0,0,1,19,2,0,0,0,5,19,0,0,-1,-1,-1,-1,-1,-1,-1,-1,-1,-1,-1,-1,-1,-1,-1,-1,-1,-1,-1,-1,-1,-1,-1,-1,-1,-1,-1,-1,-1,-1,-1,-1,-1,-1,-1,-1,-1,-1,-1,-1,-1,-1,-1,-1,-1,-1,-1,-1,-1,-1,0,0.317933,0,47385,2949,337,1,2,0,3568,0,0,0,0,0,0
2,0,0,0,0,0,0,0,0,0,0,0,0,0,0,0,0,1,16,2,0,0,0,5,16,0,0,-1,-1,-1,-1,-1,-1,-1,-1,-1,-1,-1,-1,-1,-1,-1,-1,-1,-1,-1,-1,-1,-1,-1,-1,-1,-1,-1,-1,-1,-1,-1,-1,-1,-1,-1,-1,-1,-1,-1,-1,-1,-1,-1,-1,-1,-1,-1,-1,-1,-1,0,1.086905,0,53831,7072,598,4,2,0,3577,1,1,1,0,0,0
2,0,0,1,0,0,0,0,0,0,0,0,0,0,0,0,0,1,22,2,0,0,0,6,21,0,0,0,0,0,1,0,0,0,0,0,0,0,0,0,0,0,0,1,0,0,0,0,0,0,0,0,0,0,0,0,0,0,-1,-1,-1,-1,-1,-1,-1,-1,-1,-1,-1,-1,-1,-1,-1,-1,-1,-1,-1,0,-1.0,0,-1,-1,-1,-1,2,0,-1,0,-1,0,0,0,0
2,0,0,0,0,0,0,0,0,0,0,0,0,0,0,0,0,1,23,2,0,0,0,5,23,0,0,-1,-1,-1,-1,-1,-1,-1,-1,-1,-1,-1,-1,-1,-1,-1,-1,-1,-1,-1,-1,-1,-1,-1,-1,-1,-1,-1,-1,-1,-1,-1,-1,-1,-1,-1,-1,-1,-1,-1,-1,-1,-1,-1,-1,-1,-1,-1,-1,-1,-1,0,1.162692,0,31815,6418,155,1,2,1,6001,0,1,0,0,0,0
2,0,0,1,0,0,0,0,0,0,0,0,0,0,0,0,0,1,27,2,0,0,0,9,26,0,0,0,0,0,1,0,0,0,0,0,0,0,0,0,0,0,0,1,0,0,0,0,0,0,0,0,0,0,0,0,0,0,-1,-1,-1,-1,-1,-1,-1,-1,-1,-1,-1,-1,-1,-1,-1,-1,-1,-1,-1,0,0.124327,0,36351,6910,56,1,3,1,599,0,2,0,0,0,0
3,2,0,1,0,0,0,0,0,0,0,0,0,0,0,0,0,1,40,2,2,0,0,8,27,0,0,1,0,0,1,0,0,0,0,0,0,0,0,0,0,0,0,13,1,0,0,0,0,0,0,0,0,0,0,0,0,12,-1,-1,-1,-1,-1,-1,-1,-1,-1,-1,-1,-1,-1,-1,-1,-1,-1,-1,-1,0,0.178011,0,-1,-1,-1,1,4,1,14398,0,0,0,0,0,1
2,0,0,0,0,0,0,0,0,0,0,0,0,0,0,0,0,1,19,2,0,0,0,4,19,0,0,-1,-1,-1,-1,-1,-1,-1,-1,-1,-1,-1,-1,-1,-1,-1,-1,-1,-1,-1,-1,-1,-1,-1,-1,-1,-1,-1,-1,-1,-1,-1,-1,-1,-1,-1,-1,-1,-1,-1,-1,-1,-1,-1,-1,-1,-1,-1,-1,-1,-1,0,-1.0,0,-1,5668,175,-1,2,0,-1,0,-1,0,0,0,0
2,1,0,0,0,0,0,0,0,0,0,0,0,0,0,0,0,1,24,2,1,0,0,8,24,0,0,-1,-1,-1,-1,-1,-1,-1,-1,-1,-1,-1,-1,-1,-1,-1,-1,-1,-1,-1,-1,-1,-1,-1,-1,-1,-1,-1,-1,-1,-1,-1,-1,-1,-1,-1,-1,-1,-1,-1,-1,-1,-1,-1,-1,-1,-1,-1,-1,-1,-1,0,-1.0,0,-1,-1,-1,-1,4,0,-1,0,-1,0,0,0,0
2,0,0,0,0,0,0,0,0,0,0,0,0,0,0,0,0,1,27,2,0,0,0,8,27,0,0,-1,-1,-1,-1,-1,-1,-1,-1,-1,-1,-1,-1,-1,-1,-1,-1,-1,-1,-1,-1,-1,-1,-1,-1,-1,-1,-1,-1,-1,-1,-1,-1,-1,-1,-1,-1,-1,-1,-1,-1,-1,-1,-1,-1,-1,-1,-1,-1,-1,-1,0,0.540008,-1,26496,-1,-1,1,2,2,54,1,0,0,0,0,1
2,3,0,1,0,0,0,0,0,0,0,0,0,0,0,0,0,1,41,2,3,0,0,12,40,0,0,0,0,0,1,0,0,0,0,0,0,0,0,0,0,0,0,1,0,0,0,0,0,0,0,0,0,0,0,0,0,0,-1,-1,-1,-1,-1,-1,-1,-1,-1,-1,-1,-1,-1,-1,-1,-1,-1,-1,-1,0,0.323566,0,47583,-1,-1,1,1,1,19,1,0,0,0,0,1
2,0,0,0,0,0,0,0,0,0,0,0,0,0,0,0,0,1,27,2,0,0,0,9,27,0,1,-1,-1,-1,-1,-1,-1,-1,-1,-1,-1,-1,-1,-1,-1,-1,-1,-1,-1,-1,-1,-1,-1,-1,-1,-1,-1,-1,-1,-1,-1,-1,-1,-1,-1,-1,-1,-1,-1,-1,-1,-1,-1,-1,-1,-1,-1,-1,-1,-1,-1,0,0.6540090000000001,0,13446,-1,-1,1,2,2,296,0,0,0,0,0,0
2,0,0,3,0,0,0,0,0,0,0,0,0,0,0,0,0,1,40,1,0,0,0,0,9,0,0,1,0,0,3,0,0,0,0,0,0,0,0,0,0,0,0,31,1,0,0,0,0,0,0,0,0,0,0,0,0,18,-1,-1,-1,-1,-1,-1,-1,-1,-1,-1,-1,-1,-1,-1,-1,-1,-1,-1,-1,0,0.096409,0,48854,6921,392,1,4,1,3357,0,0,0,0,0,1
1,0,0,0,0,0,0,0,0,0,0,0,0,0,0,0,0,1,11,1,0,0,0,3,11,0,0,-1,-1,-1,-1,-1,-1,-1,-1,-1,-1,-1,-1,-1,-1,-1,-1,-1,-1,-1,-1,-1,-1,-1,-1,-1,-1,-1,-1,-1,-1,-1,-1,-1,-1,-1,-1,-1,-1,-1,-1,-1,-1,-1,-1,-1,-1,-1,-1,-1,-1,0,1.015535,1,46606,1993,197,1,2,1,14395,0,0,0,0,0,0
2,0,0,0,0,0,0,0,0,0,0,0,0,0,0,0,0,1,23,2,0,0,0,5,23,0,0,-1,-1,-1,-1,-1,-1,-1,-1,-1,-1,-1,-1,-1,-1,-1,-1,-1,-1,-1,-1,-1,-1,-1,-1,-1,-1,-1,-1,-1,-1,-1,-1,-1,-1,-1,-1,-1,-1,-1,-1,-1,-1,-1,-1,-1,-1,-1,-1,-1,-1,0,2.998203,0,13335,6967,703,2,2,1,294,1,-1,0,0,0,0
2,0,0,0,0,0,0,0,0,0,0,0,0,0,0,0,0,1,14,2,0,0,0,3,14,0,0,-1,-1,-1,-1,-1,-1,-1,-1,-1,-1,-1,-1,-1,-1,-1,-1,-1,-1,-1,-1,-1,-1,-1,-1,-1,-1,-1,-1,-1,-1,-1,-1,-1,-1,-1,-1,-1,-1,-1,-1,-1,-1,-1,-1,-1,-1,-1,-1,-1,-1,0,0.365949,-1,20141,6990,314,1,4,2,591,0,0,0,0,0,0
2,0,0,1,0,0,0,0,0,0,0,0,0,0,0,0,0,1,23,2,0,0,0,8,22,0,0,0,0,0,1,0,0,0,0,0,0,0,0,0,0,0,0,1,0,0,0,0,0,0,0,0,0,0,0,0,0,0,-1,-1,-1,-1,-1,-1,-1,-1,-1,-1,-1,-1,-1,-1,-1,-1,-1,-1,-1,0,0.5517890000000001,0,15169,4465,1013,1,2,4,3587,1,1,0,0,0,0
4,0,0,1,0,0,0,0,0,0,0,0,0,0,0,0,0,1,37,3,0,0,0,6,22,0,0,1,0,0,1,0,0,0,0,0,0,0,0,0,0,0,0,15,1,0,0,0,0,0,0,0,0,0,0,0,0,14,-1,-1,-1,-1,-1,-1,-1,-1,-1,-1,-1,-1,-1,-1,-1,-1,-1,-1,-1,0,1.108314,0,20207,3977,40,1,2,5,13249,0,0,0,0,0,1
2,0,0,0,0,0,0,0,0,0,0,0,0,0,0,0,0,1,22,2,0,0,0,6,22,0,0,-1,-1,-1,-1,-1,-1,-1,-1,-1,-1,-1,-1,-1,-1,-1,-1,-1,-1,-1,-1,-1,-1,-1,-1,-1,-1,-1,-1,-1,-1,-1,-1,-1,-1,-1,-1,-1,-1,-1,-1,-1,-1,-1,-1,-1,-1,-1,-1,-1,-1,0,0.378819,0,8560,6977,693,1,4,2,3594,0,0,0,0,0,0
2,0,0,0,0,0,0,0,0,0,0,0,0,0,0,0,0,1,16,2,0,0,0,4,16,0,0,-1,-1,-1,-1,-1,-1,-1,-1,-1,-1,-1,-1,-1,-1,-1,-1,-1,-1,-1,-1,-1,-1,-1,-1,-1,-1,-1,-1,-1,-1,-1,-1,-1,-1,-1,-1,-1,-1,-1,-1,-1,-1,-1,-1,-1,-1,-1,-1,-1,-1,0,-1.0,0,-1,-1,-1,-1,4,0,-1,0,-1,0,0,0,0
1,0,0,4,0,0,0,0,0,0,0,0,0,0,0,0,0,1,46,1,0,0,0,5,16,0,0,0,0,0,3,0,0,0,0,0,0,0,0,0,0,0,0,16,0,0,0,0,0,0,0,0,0,0,0,0,0,0,0,0,0,1,0,0,0,0,0,0,0,0,0,0,0,0,14,0,0,0,0.406109,0,26496,3612,404,1,2,2,592,0,0,0,0,0,1
1,1,0,3,0,0,0,0,0,0,0,0,0,0,0,0,0,1,41,1,1,0,0,11,25,0,0,0,0,0,3,0,0,0,0,0,0,0,0,0,0,0,0,16,0,0,0,0,0,0,0,0,0,0,0,0,0,0,-1,-1,-1,-1,-1,-1,-1,-1,-1,-1,-1,-1,-1,-1,-1,-1,-1,-1,-1,0,0.16537,-1,-1,1307,153,1,2,1,292,0,0,0,0,0,1
3,0,0,2,0,0,0,0,0,0,0,0,0,0,0,0,0,1,29,2,0,0,0,2,12,0,0,1,0,0,2,0,0,0,0,0,0,0,0,0,0,0,0,17,1,0,0,0,0,0,0,0,0,0,0,0,0,9,-1,-1,-1,-1,-1,-1,-1,-1,-1,-1,-1,-1,-1,-1,-1,-1,-1,-1,-1,0,0.179541,-1,22612,6216,723,1,2,1,14391,1,0,0,0,0,0
4,0,0,0,0,0,0,0,0,0,0,0,0,0,0,0,0,1,18,4,0,0,0,4,18,0,0,-1,-1,-1,-1,-1,-1,-1,-1,-1,-1,-1,-1,-1,-1,-1,-1,-1,-1,-1,-1,-1,-1,-1,-1,-1,-1,-1,-1,-1,-1,-1,-1,-1,-1,-1,-1,-1,-1,-1,-1,-1,-1,-1,-1,-1,-1,-1,-1,-1,-1,0,0.86451,0,7637,-1,-1,1,2,2,299,1,0,0,0,0,0
2,0,0,3,0,0,0,0,0,0,0,0,0,0,0,0,0,1,60,2,0,0,0,4,18,0,0,0,0,0,3,0,0,0,0,0,0,0,0,0,0,0,0,42,0,0,0,0,0,0,0,0,0,0,0,0,0,0,-1,-1,-1,-1,-1,-1,-1,-1,-1,-1,-1,-1,-1,-1,-1,-1,-1,-1,-1,0,3.26898,0,394695,930,165,1,2,1,14393,0,1,0,0,0,1
2,0,0,1,0,0,0,0,0,0,0,0,0,0,0,0,0,1,18,2,0,0,0,4,17,0,0,0,0,0,1,0,0,0,0,0,0,0,0,0,0,0,0,1,0,0,0,0,0,0,0,0,0,0,0,0,0,0,-1,-1,-1,-1,-1,-1,-1,-1,-1,-1,-1,-1,-1,-1,-1,-1,-1,-1,-1,0,5.357471,0,14061,1456,4,1,2,1,14393,0,1,0,0,0,0
1,0,0,2,0,0,0,0,0,0,0,0,0,0,0,0,0,1,24,1,0,0,0,4,13,0,0,0,0,0,2,0,0,0,0,0,0,0,0,0,0,0,0,11,0,0,0,0,0,0,0,0,0,0,0,0,0,0,-1,-1,-1,-1,-1,-1,-1,-1,-1,-1,-1,-1,-1,-1,-1,-1,-1,-1,-1,0,0.633329,1,20013,6788,151,1,2,1,14390,1,0,0,0,0,1
2,0,0,0,0,0,0,0,0,0,0,0,0,0,0,0,0,1,12,2,0,0,0,2,12,0,0,-1,-1,-1,-1,-1,-1,-1,-1,-1,-1,-1,-1,-1,-1,-1,-1,-1,-1,-1,-1,-1,-1,-1,-1,-1,-1,-1,-1,-1,-1,-1,-1,-1,-1,-1,-1,-1,-1,-1,-1,-1,-1,-1,-1,-1,-1,-1,-1,-1,-1,0,2.1808,0,54113,7519,880,1,4,1,3431,1,1,0,0,0,0
1,1,0,7,0,0,0,0,0,0,0,0,0,0,0,0,0,1,53,1,0,0,0,3,10,0,0,0,1,0,7,0,0,0,0,0,0,0,0,0,0,0,0,43,0,0,0,0,0,0,0,0,0,0,0,0,0,0,-1,-1,-1,-1,-1,-1,-1,-1,-1,-1,-1,-1,-1,-1,-1,-1,-1,-1,-1,0,1.920424,-1,32244,1613,578,1,2,2,2484,1,0,0,0,0,1
6,0,1,1,0,6,0,5,0,0,0,0,0,0,0,0,12,3,297,2,0,0,0,6,15,0,0,0,0,0,1,0,0,0,0,0,0,0,0,0,0,0,0,5,0,0,0,0,0,0,0,0,0,0,0,0,0,4,4,0,1,0,0,6,0,5,0,0,0,0,0,0,0,12,277,1,6,0,0.297739,0,57570,-1,-1,1,8,3,148,1,0,0,0,0,1
2,0,1,3,0,3,0,2,0,0,0,0,0,0,0,0,0,1,206,1,0,0,0,5,12,0,0,1,0,0,3,0,0,0,0,0,0,0,0,0,0,0,0,29,1,0,0,0,0,0,0,0,0,0,0,0,0,9,0,0,1,0,0,3,0,2,0,0,0,0,0,0,0,0,165,0,3,0,0.353699,0,46475,2496,60,1,2,1,10629,0,0,0,0,0,1
3,0,0,0,0,0,0,0,0,0,0,0,0,0,0,0,0,1,16,3,0,0,0,3,16,0,0,-1,-1,-1,-1,-1,-1,-1,-1,-1,-1,-1,-1,-1,-1,-1,-1,-1,-1,-1,-1,-1,-1,-1,-1,-1,-1,-1,-1,-1,-1,-1,-1,-1,-1,-1,-1,-1,-1,-1,-1,-1,-1,-1,-1,-1,-1,-1,-1,-1,-1,0,1.110808,0,13335,7371,916,2,2,1,294,1,2,0,0,0,0
4,0,0,0,0,0,0,0,0,0,0,0,0,0,0,0,0,1,25,4,0,0,0,8,25,0,0,-1,-1,-1,-1,-1,-1,-1,-1,-1,-1,-1,-1,-1,-1,-1,-1,-1,-1,-1,-1,-1,-1,-1,-1,-1,-1,-1,-1,-1,-1,-1,-1,-1,-1,-1,-1,-1,-1,-1,-1,-1,-1,-1,-1,-1,-1,-1,-1,-1,-1,0,1.421885,1,7162,8164,-1,1,3,4,14385,1,1,0,0,0,0
2,0,0,2,0,0,0,0,0,0,0,0,0,0,0,0,0,1,29,2,0,0,0,10,25,0,0,0,0,0,2,0,0,0,0,0,0,0,0,0,0,0,0,4,0,0,0,0,0,0,0,0,0,0,0,0,0,0,-1,-1,-1,-1,-1,-1,-1,-1,-1,-1,-1,-1,-1,-1,-1,-1,-1,-1,-1,0,0.278247,0,6354,-1,-1,1,5,3,286,0,0,0,0,0,1
2,0,1,4,0,3,0,2,0,0,0,0,0,0,0,0,0,1,229,1,0,0,0,3,12,0,0,1,0,0,4,0,0,0,0,0,0,0,0,0,0,0,0,52,1,0,0,0,0,0,0,0,0,0,0,0,0,9,0,0,1,0,0,3,0,2,0,0,0,0,0,0,0,0,165,0,3,0,0.685026,-1,32748,305,59,1,2,1,1902,0,0,0,0,0,1
1,0,0,2,0,0,0,0,0,0,0,0,0,0,0,0,0,1,26,1,0,0,0,4,20,0,0,0,0,0,2,0,0,0,0,0,0,0,0,0,0,0,0,6,0,0,0,0,0,0,0,0,0,0,0,0,0,0,-1,-1,-1,-1,-1,-1,-1,-1,-1,-1,-1,-1,-1,-1,-1,-1,-1,-1,-1,0,2.247749,0,18229,1201,259,1,2,1,14393,1,0,0,0,0,1
4,4,0,1,0,3,0,2,0,0,0,0,0,0,0,0,0,1,104,2,0,0,0,4,14,0,0,1,0,0,1,0,0,0,0,0,0,0,0,0,0,0,0,9,1,0,0,0,0,0,0,0,0,0,0,0,0,8,1,4,0,0,0,3,0,2,0,0,0,0,0,0,0,0,81,0,3,0,0.6332760000000001,0,12578,-1,-1,1,2,1,291,1,2,0,0,0,1
3,0,0,2,0,0,0,0,0,0,0,0,0,0,0,0,0,1,21,3,0,0,0,2,13,0,0,0,0,0,2,0,0,0,0,0,0,0,0,0,0,0,0,8,0,0,0,0,0,0,0,0,0,0,0,0,0,0,-1,-1,-1,-1,-1,-1,-1,-1,-1,-1,-1,-1,-1,-1,-1,-1,-1,-1,-1,0,0.169494,0,2818,-1,2626,4,4,2,173,1,2,0,0,0,0
2,0,0,0,0,0,0,0,0,0,0,0,0,0,0,0,0,1,22,2,0,0,0,5,22,0,0,-1,-1,-1,-1,-1,-1,-1,-1,-1,-1,-1,-1,-1,-1,-1,-1,-1,-1,-1,-1,-1,-1,-1,-1,-1,-1,-1,-1,-1,-1,-1,-1,-1,-1,-1,-1,-1,-1,-1,-1,-1,-1,-1,-1,-1,-1,-1,-1,-1,-1,0,1.152295,-1,46606,4368,379,1,2,1,14398,1,1,0,0,0,0
2,0,0,2,0,0,0,0,0,0,0,0,0,0,0,0,0,1,41,2,0,0,0,5,16,0,0,0,0,0,2,0,0,0,0,0,0,0,0,0,0,0,0,25,0,0,0,0,0,0,0,0,0,0,0,0,0,0,-1,-1,-1,-1,-1,-1,-1,-1,-1,-1,-1,-1,-1,-1,-1,-1,-1,-1,-1,0,0.308767,0,32934,7860,3463,1,2,1,108,1,0,0,0,0,0
1,0,0,0,0,0,0,0,0,0,0,0,0,0,0,0,0,1,8,1,0,0,0,1,8,0,0,-1,-1,-1,-1,-1,-1,-1,-1,-1,-1,-1,-1,-1,-1,-1,-1,-1,-1,-1,-1,-1,-1,-1,-1,-1,-1,-1,-1,-1,-1,-1,-1,-1,-1,-1,-1,-1,-1,-1,-1,-1,-1,-1,-1,-1,-1,-1,-1,-1,-1,0,3.379547,1,63949,7092,212,1,5,1,287,0,1,0,0,0,0
4,0,1,1,0,1,0,0,0,0,0,0,0,0,0,0,0,1,62,3,0,0,0,12,34,0,0,1,0,0,1,0,0,0,0,0,0,0,0,0,0,0,0,10,1,0,0,0,0,0,0,0,0,0,0,0,0,9,0,0,1,0,0,1,0,0,0,0,0,0,0,0,0,0,18,0,1,0,0.238943,0,6908,-1,-1,1,3,1,14432,1,0,0,0,0,1
2,0,0,0,0,0,0,0,0,0,0,0,0,0,0,0,0,1,26,2,0,0,0,8,26,0,0,-1,-1,-1,-1,-1,-1,-1,-1,-1,-1,-1,-1,-1,-1,-1,-1,-1,-1,-1,-1,-1,-1,-1,-1,-1,-1,-1,-1,-1,-1,-1,-1,-1,-1,-1,-1,-1,-1,-1,-1,-1,-1,-1,-1,-1,-1,-1,-1,-1,-1,0,0.562188,0,19662,4702,410,1,2,1,3595,1,1,0,0,0,0
2,0,0,0,0,0,0,0,0,0,0,0,0,0,0,0,0,1,16,2,0,0,0,4,16,0,0,-1,-1,-1,-1,-1,-1,-1,-1,-1,-1,-1,-1,-1,-1,-1,-1,-1,-1,-1,-1,-1,-1,-1,-1,-1,-1,-1,-1,-1,-1,-1,-1,-1,-1,-1,-1,-1,-1,-1,-1,-1,-1,-1,-1,-1,-1,-1,-1,-1,-1,0,0.756004,0,26496,6374,199,1,2,0,591,0,1,0,0,0,0
2,1,0,4,0,0,0,0,0,0,0,0,0,0,0,0,0,1,54,1,0,0,0,8,18,0,0,1,1,0,4,0,0,0,0,0,0,0,0,0,0,0,0,36,1,0,0,0,0,0,0,0,0,0,0,0,0,9,-1,-1,-1,-1,-1,-1,-1,-1,-1,-1,-1,-1,-1,-1,-1,-1,-1,-1,-1,0,1.68498,0,46606,531,197,1,2,1,14387,1,0,0,0,0,1
2,0,0,0,0,0,0,0,0,0,0,0,0,0,0,0,0,1,23,2,0,0,0,8,23,0,0,-1,-1,-1,-1,-1,-1,-1,-1,-1,-1,-1,-1,-1,-1,-1,-1,-1,-1,-1,-1,-1,-1,-1,-1,-1,-1,-1,-1,-1,-1,-1,-1,-1,-1,-1,-1,-1,-1,-1,-1,-1,-1,-1,-1,-1,-1,-1,-1,-1,-1,0,0.529737,0,6939,-1,-1,1,2,1,14381,0,0,0,0,0,0
2,0,0,0,0,0,0,0,0,0,0,0,0,0,0,0,0,1,22,2,0,0,0,6,22,0,0,-1,-1,-1,-1,-1,-1,-1,-1,-1,-1,-1,-1,-1,-1,-1,-1,-1,-1,-1,-1,-1,-1,-1,-1,-1,-1,-1,-1,-1,-1,-1,-1,-1,-1,-1,-1,-1,-1,-1,-1,-1,-1,-1,-1,-1,-1,-1,-1,-1,-1,0,2.747514,-1,10796,7178,126,1,2,4,14384,0,1,0,0,0,0
2,0,0,0,0,0,0,0,0,0,0,0,0,0,0,0,0,1,19,2,0,0,0,5,19,0,0,-1,-1,-1,-1,-1,-1,-1,-1,-1,-1,-1,-1,-1,-1,-1,-1,-1,-1,-1,-1,-1,-1,-1,-1,-1,-1,-1,-1,-1,-1,-1,-1,-1,-1,-1,-1,-1,-1,-1,-1,-1,-1,-1,-1,-1,-1,-1,-1,-1,-1,0,1.665502,1,32475,7540,859,1,2,4,3589,1,1,0,0,0,0
2,0,0,2,0,0,0,0,0,0,0,0,0,0,0,0,0,1,33,1,0,0,0,6,15,0,0,1,0,0,2,0,0,0,0,0,0,0,0,0,0,0,0,18,1,0,0,0,0,0,0,0,0,0,0,0,0,12,-1,-1,-1,-1,-1,-1,-1,-1,-1,-1,-1,-1,-1,-1,-1,-1,-1,-1,-1,0,0.513451,1,20013,2472,84,1,2,1,6393,0,0,0,0,0,1
1,0,0,0,0,0,0,0,0,0,0,0,0,0,0,0,0,1,15,1,0,0,0,6,15,0,0,-1,-1,-1,-1,-1,-1,-1,-1,-1,-1,-1,-1,-1,-1,-1,-1,-1,-1,-1,-1,-1,-1,-1,-1,-1,-1,-1,-1,-1,-1,-1,-1,-1,-1,-1,-1,-1,-1,-1,-1,-1,-1,-1,-1,-1,-1,-1,-1,-1,-1,0,0.331713,0,32244,1538,652,1,5,0,3591,0,1,0,0,0,0
2,0,0,3,0,0,0,0,0,0,0,0,0,0,0,0,0,1,40,2,0,0,0,8,26,0,0,0,0,0,3,0,0,0,0,0,0,0,0,0,0,0,0,14,0,0,0,0,0,0,0,0,0,0,0,0,0,0,-1,-1,-1,-1,-1,-1,-1,-1,-1,-1,-1,-1,-1,-1,-1,-1,-1,-1,-1,0,3.048641,0,31034,2674,247,1,4,1,21598,0,0,0,0,0,1
2,0,0,6,0,0,1,0,0,0,0,0,0,0,0,0,0,2,56,1,0,0,0,7,18,0,0,1,0,0,6,0,0,1,0,0,0,0,0,0,0,0,0,38,0,0,0,0,0,0,0,0,0,0,0,0,0,4,-1,-1,-1,-1,-1,-1,-1,-1,-1,-1,-1,-1,-1,-1,-1,-1,-1,-1,-1,1,0.038066,0,16276,-1,-1,1,2,0,745,0,3,0,0,0,1
1,0,0,0,0,0,0,0,0,0,0,0,0,0,0,0,0,1,6,1,0,0,0,1,6,0,0,-1,-1,-1,-1,-1,-1,-1,-1,-1,-1,-1,-1,-1,-1,-1,-1,-1,-1,-1,-1,-1,-1,-1,-1,-1,-1,-1,-1,-1,-1,-1,-1,-1,-1,-1,-1,-1,-1,-1,-1,-1,-1,-1,-1,-1,-1,-1,-1,-1,-1,0,0.013949,-1,8422,8701,63,2,4,3,18,1,3,0,0,0,0
3,2,0,5,0,0,0,0,0,0,0,0,0,0,0,0,0,1,64,2,0,0,0,3,11,0,0,1,2,0,5,0,0,0,0,0,0,0,0,0,0,0,0,53,1,0,0,0,0,0,0,0,0,0,0,0,0,7,-1,-1,-1,-1,-1,-1,-1,-1,-1,-1,-1,-1,-1,-1,-1,-1,-1,-1,-1,0,0.114951,0,3491,-1,-1,1,6,2,19,1,0,0,0,0,0
2,0,0,1,0,0,0,0,0,0,0,0,0,0,0,0,0,1,28,2,0,0,0,6,27,0,0,0,0,0,1,0,0,0,0,0,0,0,0,0,0,0,0,1,0,0,0,0,0,0,0,0,0,0,0,0,0,0,-1,-1,-1,-1,-1,-1,-1,-1,-1,-1,-1,-1,-1,-1,-1,-1,-1,-1,-1,0,0.5740109999999999,0,47583,-1,-1,1,1,1,33,1,0,0,0,0,1
2,0,0,1,0,0,0,0,0,0,0,0,0,0,0,0,0,1,17,2,0,0,0,4,16,0,0,0,0,0,1,0,0,0,0,0,0,0,0,0,0,0,0,1,0,0,0,0,0,0,0,0,0,0,0,0,0,0,-1,-1,-1,-1,-1,-1,-1,-1,-1,-1,-1,-1,-1,-1,-1,-1,-1,-1,-1,0,0.765254,-1,19066,473,256,1,2,1,14390,1,0,0,0,0,0
2,0,0,0,0,0,0,0,0,0,0,0,0,0,0,0,0,1,17,2,0,0,0,5,17,0,0,-1,-1,-1,-1,-1,-1,-1,-1,-1,-1,-1,-1,-1,-1,-1,-1,-1,-1,-1,-1,-1,-1,-1,-1,-1,-1,-1,-1,-1,-1,-1,-1,-1,-1,-1,-1,-1,-1,-1,-1,-1,-1,-1,-1,-1,-1,-1,-1,-1,-1,0,0.140839,0,20940,8177,103,1,4,2,29,1,1,0,0,0,0
2,0,0,0,0,0,0,0,0,0,0,0,0,0,0,0,0,1,22,2,0,0,0,6,22,0,0,-1,-1,-1,-1,-1,-1,-1,-1,-1,-1,-1,-1,-1,-1,-1,-1,-1,-1,-1,-1,-1,-1,-1,-1,-1,-1,-1,-1,-1,-1,-1,-1,-1,-1,-1,-1,-1,-1,-1,-1,-1,-1,-1,-1,-1,-1,-1,-1,-1,-1,0,-1.0,0,13335,4615,132,2,2,1,289,0,-1,0,0,0,0
3,0,0,0,0,0,0,0,0,0,0,0,0,0,0,0,0,1,33,3,0,0,0,10,33,0,0,-1,-1,-1,-1,-1,-1,-1,-1,-1,-1,-1,-1,-1,-1,-1,-1,-1,-1,-1,-1,-1,-1,-1,-1,-1,-1,-1,-1,-1,-1,-1,-1,-1,-1,-1,-1,-1,-1,-1,-1,-1,-1,-1,-1,-1,-1,-1,-1,-1,-1,0,-1.0,0,15169,-1,-1,1,4,0,88,0,-1,0,0,0,0
1,0,0,0,0,0,0,0,0,0,0,0,0,0,0,0,0,1,27,1,0,0,0,9,27,0,0,-1,-1,-1,-1,-1,-1,-1,-1,-1,-1,-1,-1,-1,-1,-1,-1,-1,-1,-1,-1,-1,-1,-1,-1,-1,-1,-1,-1,-1,-1,-1,-1,-1,-1,-1,-1,-1,-1,-1,-1,-1,-1,-1,-1,-1,-1,-1,-1,-1,-1,0,0.442287,-1,26496,2609,1043,1,2,2,591,1,0,0,0,0,0
1,1,0,0,0,0,0,0,0,0,0,0,0,0,0,0,0,1,18,1,1,0,0,7,18,0,0,-1,-1,-1,-1,-1,-1,-1,-1,-1,-1,-1,-1,-1,-1,-1,-1,-1,-1,-1,-1,-1,-1,-1,-1,-1,-1,-1,-1,-1,-1,-1,-1,-1,-1,-1,-1,-1,-1,-1,-1,-1,-1,-1,-1,-1,-1,-1,-1,-1,-1,0,0.236683,0,32475,5275,202,1,3,1,14390,0,0,0,0,0,0
2,0,0,4,0,0,0,0,0,0,0,0,0,0,0,0,0,1,46,1,0,0,0,6,17,0,0,1,0,0,4,0,0,0,0,0,0,0,0,0,0,0,0,29,1,0,0,0,0,0,0,0,0,0,0,0,0,9,-1,-1,-1,-1,-1,-1,-1,-1,-1,-1,-1,-1,-1,-1,-1,-1,-1,-1,-1,0,0.760234,0,32475,290,74,1,2,1,14397,0,0,0,0,0,1
2,0,0,3,0,0,0,0,0,0,0,0,0,0,0,0,0,1,46,2,0,0,0,9,28,0,0,0,0,0,3,0,0,0,0,0,0,0,0,0,0,0,0,18,0,0,0,0,0,0,0,0,0,0,0,0,0,2,-1,-1,-1,-1,-1,-1,-1,-1,-1,-1,-1,-1,-1,-1,-1,-1,-1,-1,-1,0,0.247081,0,55053,-1,-1,1,2,1,3146,1,0,0,0,0,0
2,1,0,4,0,1,0,0,0,0,0,0,0,0,0,0,0,1,83,2,1,0,0,7,21,0,0,0,0,0,4,0,0,0,0,0,0,0,0,0,0,0,0,58,0,0,0,0,0,0,0,0,0,0,0,0,0,0,0,0,0,0,0,1,0,0,0,0,0,0,0,0,0,0,4,0,1,0,1.621495,0,53057,-1,-1,1,4,0,3586,1,0,0,0,0,1
2,0,0,3,0,0,0,0,0,0,0,0,0,0,0,0,0,1,40,2,0,0,0,6,16,0,0,0,0,0,3,0,0,0,0,0,0,0,0,0,0,0,0,24,0,0,0,0,0,0,0,0,0,0,0,0,0,0,-1,-1,-1,-1,-1,-1,-1,-1,-1,-1,-1,-1,-1,-1,-1,-1,-1,-1,-1,0,0.258422,0,15169,-1,-1,1,4,5,226,1,0,0,0,0,1
2,0,0,3,0,0,0,0,0,0,0,0,0,0,0,0,0,1,41,2,0,0,0,6,16,0,0,0,0,0,3,0,0,0,0,0,0,0,0,0,0,0,0,25,0,0,0,0,0,0,0,0,0,0,0,0,0,4,-1,-1,-1,-1,-1,-1,-1,-1,-1,-1,-1,-1,-1,-1,-1,-1,-1,-1,-1,0,0.26593,0,15169,-1,-1,1,4,5,292,1,2,0,0,0,1
3,0,0,2,0,1,0,0,0,0,0,0,0,0,0,0,0,1,49,2,0,0,0,10,27,0,0,1,0,0,2,0,0,0,0,0,0,0,0,0,0,0,0,16,1,0,0,0,0,0,0,0,0,0,0,0,0,13,0,0,0,0,0,1,0,0,0,0,0,0,0,0,0,0,6,0,1,0,0.158096,1,13380,-1,-1,1,4,1,21592,1,1,0,0,0,1
2,0,0,0,0,0,0,0,0,0,0,0,0,0,0,0,0,1,10,2,0,0,0,3,10,0,0,-1,-1,-1,-1,-1,-1,-1,-1,-1,-1,-1,-1,-1,-1,-1,-1,-1,-1,-1,-1,-1,-1,-1,-1,-1,-1,-1,-1,-1,-1,-1,-1,-1,-1,-1,-1,-1,-1,-1,-1,-1,-1,-1,-1,-1,-1,-1,-1,-1,-1,0,0.542503,-1,13768,6551,229,1,2,1,14398,1,1,0,0,0,0
2,0,0,0,0,0,0,0,0,0,0,0,0,0,0,0,0,1,37,2,0,0,0,12,37,0,0,-1,-1,-1,-1,-1,-1,-1,-1,-1,-1,-1,-1,-1,-1,-1,-1,-1,-1,-1,-1,-1,-1,-1,-1,-1,-1,-1,-1,-1,-1,-1,-1,-1,-1,-1,-1,-1,-1,-1,-1,-1,-1,-1,-1,-1,-1,-1,-1,-1,-1,0,0.333639,0,13335,-1,-1,5,2,0,292,1,1,0,0,0,0
1,0,0,1,0,0,0,0,0,0,0,0,0,0,0,0,0,1,15,1,0,0,0,1,4,0,0,0,0,0,1,0,0,0,0,0,0,0,0,0,0,0,0,11,0,0,0,0,0,0,0,0,0,0,0,0,0,10,-1,-1,-1,-1,-1,-1,-1,-1,-1,-1,-1,-1,-1,-1,-1,-1,-1,-1,-1,0,0.566498,-1,13414,3048,237,2,9,0,20,1,2,0,0,1,1
2,0,0,0,0,0,0,0,0,0,0,0,0,0,0,0,0,1,20,2,0,0,0,6,20,0,0,-1,-1,-1,-1,-1,-1,-1,-1,-1,-1,-1,-1,-1,-1,-1,-1,-1,-1,-1,-1,-1,-1,-1,-1,-1,-1,-1,-1,-1,-1,-1,-1,-1,-1,-1,-1,-1,-1,-1,-1,-1,-1,-1,-1,-1,-1,-1,-1,-1,-1,0,0.614264,-1,55293,8344,55,1,2,1,14389,1,1,0,0,0,0
3,0,0,3,0,0,0,0,0,0,0,0,0,0,0,0,0,1,40,2,0,0,0,6,17,0,0,1,0,0,3,0,0,0,0,0,0,0,0,0,0,0,0,23,1,0,0,0,0,0,0,0,0,0,0,0,0,9,-1,-1,-1,-1,-1,-1,-1,-1,-1,-1,-1,-1,-1,-1,-1,-1,-1,-1,-1,0,0.79385,1,20013,4132,250,1,2,1,13534,1,0,0,0,0,1
1,0,0,3,0,0,0,0,0,0,0,0,0,0,0,0,0,1,36,1,0,0,0,8,19,0,0,0,0,0,3,0,0,0,0,0,0,0,0,0,0,0,0,17,0,0,0,0,0,0,0,0,0,0,0,0,0,0,-1,-1,-1,-1,-1,-1,-1,-1,-1,-1,-1,-1,-1,-1,-1,-1,-1,-1,-1,0,0.678917,0,16509,2011,574,1,4,1,297,0,1,0,0,0,1
2,0,1,2,0,0,0,0,0,0,0,0,0,0,0,0,34,1,125,2,0,0,0,7,16,0,0,0,0,1,2,0,0,0,0,0,0,0,0,0,0,0,34,109,0,0,1,0,0,0,0,0,0,0,0,0,34,103,-1,-1,-1,-1,-1,-1,-1,-1,-1,-1,-1,-1,-1,-1,-1,-1,-1,-1,-1,0,0.032341,0,43821,-1,-1,1,3,2,586,1,1,0,0,0,0
2,0,0,0,0,0,0,0,0,0,0,0,0,0,0,0,0,1,20,2,0,0,0,6,20,0,0,-1,-1,-1,-1,-1,-1,-1,-1,-1,-1,-1,-1,-1,-1,-1,-1,-1,-1,-1,-1,-1,-1,-1,-1,-1,-1,-1,-1,-1,-1,-1,-1,-1,-1,-1,-1,-1,-1,-1,-1,-1,-1,-1,-1,-1,-1,-1,-1,-1,-1,0,0.159096,0,10808,8141,257,1,4,1,298,1,1,0,0,0,0
1,1,0,1,0,0,0,0,0,0,0,0,0,0,0,0,0,1,21,1,1,0,0,8,20,0,0,0,0,0,1,0,0,0,0,0,0,0,0,0,0,0,0,1,0,0,0,0,0,0,0,0,0,0,0,0,0,0,-1,-1,-1,-1,-1,-1,-1,-1,-1,-1,-1,-1,-1,-1,-1,-1,-1,-1,-1,0,0.6076060000000001,0,8342,11,353,1,4,0,10797,0,0,0,0,0,1
2,0,0,3,0,0,0,0,0,0,0,0,0,0,0,0,0,1,49,2,0,0,0,6,16,0,0,0,0,0,3,0,0,0,0,0,0,0,0,0,0,0,0,33,0,0,0,0,0,0,0,0,0,0,0,0,0,0,-1,-1,-1,-1,-1,-1,-1,-1,-1,-1,-1,-1,-1,-1,-1,-1,-1,-1,-1,0,0.233505,0,15169,-1,-1,1,4,5,297,1,0,0,0,0,1
5,1,0,5,0,0,0,0,0,0,0,0,0,0,0,0,0,2,63,1,0,0,0,3,11,0,0,4,1,0,5,0,0,0,0,0,0,0,0,0,0,0,0,52,2,0,0,0,0,0,0,0,0,0,0,0,0,13,-1,-1,-1,-1,-1,-1,-1,-1,-1,-1,-1,-1,-1,-1,-1,-1,-1,-1,-1,0,0.369113,0,19574,2430,491,2,2,1,14392,0,0,0,0,0,1
2,0,0,0,0,0,0,0,0,0,0,0,0,0,0,0,0,1,18,2,0,0,0,5,18,0,0,-1,-1,-1,-1,-1,-1,-1,-1,-1,-1,-1,-1,-1,-1,-1,-1,-1,-1,-1,-1,-1,-1,-1,-1,-1,-1,-1,-1,-1,-1,-1,-1,-1,-1,-1,-1,-1,-1,-1,-1,-1,-1,-1,-1,-1,-1,-1,-1,-1,-1,0,0.530225,0,29873,6845,94,1,2,1,3599,1,0,0,0,0,0
1,0,0,0,0,0,0,0,0,0,0,0,0,0,0,0,0,1,12,1,0,0,0,4,12,0,0,-1,-1,-1,-1,-1,-1,-1,-1,-1,-1,-1,-1,-1,-1,-1,-1,-1,-1,-1,-1,-1,-1,-1,-1,-1,-1,-1,-1,-1,-1,-1,-1,-1,-1,-1,-1,-1,-1,-1,-1,-1,-1,-1,-1,-1,-1,-1,-1,-1,-1,0,0.311922,1,19551,6687,2078,2,2,1,21592,1,2,0,0,0,0
2,0,0,2,0,0,0,0,0,0,0,0,0,0,0,0,0,1,29,2,0,0,0,6,17,0,0,0,0,0,2,0,0,0,0,0,0,0,0,0,0,0,0,12,0,0,0,0,0,0,0,0,0,0,0,0,0,0,-1,-1,-1,-1,-1,-1,-1,-1,-1,-1,-1,-1,-1,-1,-1,-1,-1,-1,-1,0,0.257512,0,36647,8330,69,2,5,3,774,0,0,0,0,0,0
1,0,0,1,0,0,0,0,0,0,0,0,0,0,0,0,0,1,11,1,0,0,0,3,10,0,0,0,0,0,1,0,0,0,0,0,0,0,0,0,0,0,0,1,0,0,0,0,0,0,0,0,0,0,0,0,0,0,-1,-1,-1,-1,-1,-1,-1,-1,-1,-1,-1,-1,-1,-1,-1,-1,-1,-1,-1,0,1.03204,1,15133,1789,1862,1,4,5,292,0,0,0,0,0,0
1,0,0,0,0,0,0,0,0,0,0,0,0,0,0,0,0,1,17,1,0,0,0,6,17,0,0,-1,-1,-1,-1,-1,-1,-1,-1,-1,-1,-1,-1,-1,-1,-1,-1,-1,-1,-1,-1,-1,-1,-1,-1,-1,-1,-1,-1,-1,-1,-1,-1,-1,-1,-1,-1,-1,-1,-1,-1,-1,-1,-1,-1,-1,-1,-1,-1,-1,-1,0,0.103531,0,1241,67,297,1,4,0,14,1,0,0,0,0,1
1,0,0,0,0,0,0,0,0,0,0,0,0,0,0,0,0,1,9,1,0,0,0,4,9,0,0,-1,-1,-1,-1,-1,-1,-1,-1,-1,-1,-1,-1,-1,-1,-1,-1,-1,-1,-1,-1,-1,-1,-1,-1,-1,-1,-1,-1,-1,-1,-1,-1,-1,-1,-1,-1,-1,-1,-1,-1,-1,-1,-1,-1,-1,-1,-1,-1,-1,-1,0,0.791812,0,29873,7820,215,1,2,1,3590,1,1,0,0,0,0
2,1,0,2,0,0,0,0,0,0,0,0,0,0,0,0,0,1,30,2,1,0,0,6,24,0,0,0,0,0,2,0,0,0,0,0,0,0,0,0,0,0,0,6,0,0,0,0,0,0,0,0,0,0,0,0,0,0,-1,-1,-1,-1,-1,-1,-1,-1,-1,-1,-1,-1,-1,-1,-1,-1,-1,-1,-1,0,1.591675,0,43541,3551,-1,1,3,2,3590,1,0,0,0,0,1
3,1,0,4,0,0,0,0,0,0,0,0,0,0,0,0,0,1,74,2,0,0,0,4,17,0,0,1,1,0,4,0,0,0,0,0,0,0,0,0,0,0,0,57,1,0,0,0,0,0,0,0,0,0,0,0,0,28,-1,-1,-1,-1,-1,-1,-1,-1,-1,-1,-1,-1,-1,-1,-1,-1,-1,-1,-1,0,0.289422,0,23352,1049,411,1,2,1,14323,0,1,0,0,0,1
2,0,0,0,0,0,0,0,0,0,0,0,0,0,0,0,0,1,15,2,0,0,0,4,15,0,0,-1,-1,-1,-1,-1,-1,-1,-1,-1,-1,-1,-1,-1,-1,-1,-1,-1,-1,-1,-1,-1,-1,-1,-1,-1,-1,-1,-1,-1,-1,-1,-1,-1,-1,-1,-1,-1,-1,-1,-1,-1,-1,-1,-1,-1,-1,-1,-1,-1,-1,0,1.002167,0,-1,-1,-1,1,2,1,891,1,1,0,0,0,0
1,1,0,1,0,0,0,0,0,0,0,0,0,0,0,0,0,1,17,1,1,0,0,4,16,0,0,0,0,0,1,0,0,0,0,0,0,0,0,0,0,0,0,1,0,0,0,0,0,0,0,0,0,0,0,0,0,0,-1,-1,-1,-1,-1,-1,-1,-1,-1,-1,-1,-1,-1,-1,-1,-1,-1,-1,-1,0,0.20222,0,29182,19,345,1,2,2,3591,0,0,0,0,0,1
1,0,0,0,0,0,0,0,0,0,0,0,0,0,0,0,0,1,8,1,0,0,0,3,8,0,0,-1,-1,-1,-1,-1,-1,-1,-1,-1,-1,-1,-1,-1,-1,-1,-1,-1,-1,-1,-1,-1,-1,-1,-1,-1,-1,-1,-1,-1,-1,-1,-1,-1,-1,-1,-1,-1,-1,-1,-1,-1,-1,-1,-1,-1,-1,-1,-1,-1,-1,0,0.722753,0,27647,5682,161,1,4,3,3590,0,1,0,0,0,0
2,0,0,0,0,0,0,0,0,0,0,0,0,0,0,0,0,1,14,2,0,0,0,6,14,0,0,-1,-1,-1,-1,-1,-1,-1,-1,-1,-1,-1,-1,-1,-1,-1,-1,-1,-1,-1,-1,-1,-1,-1,-1,-1,-1,-1,-1,-1,-1,-1,-1,-1,-1,-1,-1,-1,-1,-1,-1,-1,-1,-1,-1,-1,-1,-1,-1,-1,-1,0,0.613338,0,13335,-1,-1,2,2,8,111,1,1,0,0,0,0
1,0,0,5,0,0,0,0,0,0,0,0,0,0,0,0,0,1,40,1,0,0,0,3,11,0,0,0,0,0,5,0,0,0,0,0,0,0,0,0,0,0,0,29,0,0,0,0,0,0,0,0,0,0,0,0,0,0,-1,-1,-1,-1,-1,-1,-1,-1,-1,-1,-1,-1,-1,-1,-1,-1,-1,-1,-1,0,0.523269,0,54600,1084,742,1,2,0,7198,1,0,0,0,0,1
2,0,0,0,0,0,0,0,0,0,0,0,0,0,0,0,0,1,27,2,0,0,0,8,27,0,0,-1,-1,-1,-1,-1,-1,-1,-1,-1,-1,-1,-1,-1,-1,-1,-1,-1,-1,-1,-1,-1,-1,-1,-1,-1,-1,-1,-1,-1,-1,-1,-1,-1,-1,-1,-1,-1,-1,-1,-1,-1,-1,-1,-1,-1,-1,-1,-1,-1,-1,0,9.602769,0,6939,-1,-1,1,2,1,14352,0,0,0,0,0,0
4,0,0,4,0,0,0,0,0,0,0,0,0,0,0,0,0,1,53,3,0,0,0,7,20,0,0,1,0,0,4,0,0,0,0,0,0,0,0,0,0,0,0,33,1,0,0,0,0,0,0,0,0,0,0,0,0,10,-1,-1,-1,-1,-1,-1,-1,-1,-1,-1,-1,-1,-1,-1,-1,-1,-1,-1,-1,0,1.50558,0,20559,-1,-1,1,3,2,14390,0,0,0,0,0,1
2,0,0,1,0,1,0,0,0,0,0,0,0,0,0,0,0,1,34,2,0,0,0,5,15,0,0,0,0,0,1,0,0,0,0,0,0,0,0,0,0,0,0,6,0,0,0,0,0,0,0,0,0,0,0,0,0,5,0,0,0,0,0,1,0,0,0,0,0,0,0,0,0,0,13,0,1,0,0.974233,0,15169,4978,134,1,4,5,299,1,0,0,0,0,0
2,0,0,0,0,0,0,0,0,0,0,0,0,0,0,0,0,1,13,2,0,0,0,3,13,0,0,-1,-1,-1,-1,-1,-1,-1,-1,-1,-1,-1,-1,-1,-1,-1,-1,-1,-1,-1,-1,-1,-1,-1,-1,-1,-1,-1,-1,-1,-1,-1,-1,-1,-1,-1,-1,-1,-1,-1,-1,-1,-1,-1,-1,-1,-1,-1,-1,-1,-1,0,0.057357,0,34164,6967,3625,1,3,5,498,1,1,0,0,0,0
2,0,0,0,0,0,0,0,0,0,0,0,0,0,0,0,0,1,16,2,0,0,0,3,16,0,0,-1,-1,-1,-1,-1,-1,-1,-1,-1,-1,-1,-1,-1,-1,-1,-1,-1,-1,-1,-1,-1,-1,-1,-1,-1,-1,-1,-1,-1,-1,-1,-1,-1,-1,-1,-1,-1,-1,-1,-1,-1,-1,-1,-1,-1,-1,-1,-1,-1,-1,0,0.751765,0,62679,7831,935,1,4,0,3576,1,1,0,0,0,0
8,1,1,5,0,0,0,0,0,0,0,0,0,0,0,0,0,1,90,3,1,0,0,12,35,0,0,5,0,1,5,0,0,0,0,0,0,0,0,0,0,0,0,55,2,0,1,0,0,0,0,0,0,0,0,0,0,19,-1,-1,-1,-1,-1,-1,-1,-1,-1,-1,-1,-1,-1,-1,-1,-1,-1,-1,-1,0,0.294114,0,35994,-1,-1,1,4,0,11,1,0,0,0,0,1
2,0,1,2,0,0,0,0,0,0,0,0,0,0,0,0,0,1,36,1,0,0,0,5,15,0,0,1,0,1,2,0,0,0,0,0,0,0,0,0,0,0,0,21,1,0,1,0,0,0,0,0,0,0,0,0,0,12,-1,-1,-1,-1,-1,-1,-1,-1,-1,-1,-1,-1,-1,-1,-1,-1,-1,-1,-1,0,0.6768350000000001,1,198047,6595,343,1,2,1,3049,0,2,0,0,0,1
1,0,0,0,0,0,0,0,0,0,0,0,0,0,0,0,0,1,14,1,0,0,0,4,14,0,0,-1,-1,-1,-1,-1,-1,-1,-1,-1,-1,-1,-1,-1,-1,-1,-1,-1,-1,-1,-1,-1,-1,-1,-1,-1,-1,-1,-1,-1,-1,-1,-1,-1,-1,-1,-1,-1,-1,-1,-1,-1,-1,-1,-1,-1,-1,-1,-1,-1,-1,0,1.217808,0,31624,-1,-1,1,4,0,292,0,0,0,0,0,0
2,0,0,0,0,0,0,0,0,0,0,0,0,0,0,0,0,1,23,2,0,0,0,7,23,0,1,-1,-1,-1,-1,-1,-1,-1,-1,-1,-1,-1,-1,-1,-1,-1,-1,-1,-1,-1,-1,-1,-1,-1,-1,-1,-1,-1,-1,-1,-1,-1,-1,-1,-1,-1,-1,-1,-1,-1,-1,-1,-1,-1,-1,-1,-1,-1,-1,-1,-1,0,0.573205,0,13446,-1,-1,1,2,2,292,0,0,0,0,0,0
2,0,0,0,0,0,0,0,0,0,0,0,0,0,0,0,0,1,20,2,0,0,0,7,20,0,0,-1,-1,-1,-1,-1,-1,-1,-1,-1,-1,-1,-1,-1,-1,-1,-1,-1,-1,-1,-1,-1,-1,-1,-1,-1,-1,-1,-1,-1,-1,-1,-1,-1,-1,-1,-1,-1,-1,-1,-1,-1,-1,-1,-1,-1,-1,-1,-1,-1,-1,0,0.295382,0,6354,-1,-1,1,5,3,291,0,0,0,0,0,0
2,0,0,0,0,0,0,0,0,0,0,0,0,0,0,0,0,1,28,2,0,0,0,8,28,0,0,-1,-1,-1,-1,-1,-1,-1,-1,-1,-1,-1,-1,-1,-1,-1,-1,-1,-1,-1,-1,-1,-1,-1,-1,-1,-1,-1,-1,-1,-1,-1,-1,-1,-1,-1,-1,-1,-1,-1,-1,-1,-1,-1,-1,-1,-1,-1,-1,-1,-1,0,0.515559,-1,13768,5045,67,1,2,1,14398,1,0,0,0,0,0
2,0,0,0,0,0,0,0,0,0,0,0,0,0,0,0,0,1,24,2,0,0,0,8,24,0,0,-1,-1,-1,-1,-1,-1,-1,-1,-1,-1,-1,-1,-1,-1,-1,-1,-1,-1,-1,-1,-1,-1,-1,-1,-1,-1,-1,-1,-1,-1,-1,-1,-1,-1,-1,-1,-1,-1,-1,-1,-1,-1,-1,-1,-1,-1,-1,-1,-1,-1,0,0.173835,0,12488,1571,254,1,2,2,14393,1,1,0,0,0,0
2,1,0,0,0,0,0,0,0,0,0,0,0,0,0,0,0,1,23,2,1,0,0,9,23,0,0,-1,-1,-1,-1,-1,-1,-1,-1,-1,-1,-1,-1,-1,-1,-1,-1,-1,-1,-1,-1,-1,-1,-1,-1,-1,-1,-1,-1,-1,-1,-1,-1,-1,-1,-1,-1,-1,-1,-1,-1,-1,-1,-1,-1,-1,-1,-1,-1,-1,-1,0,0.073089,0,39641,5927,281,1,2,1,3591,0,0,0,0,0,0
1,1,0,0,0,0,0,0,0,0,0,0,0,0,0,0,0,1,15,1,1,0,0,6,15,0,0,-1,-1,-1,-1,-1,-1,-1,-1,-1,-1,-1,-1,-1,-1,-1,-1,-1,-1,-1,-1,-1,-1,-1,-1,-1,-1,-1,-1,-1,-1,-1,-1,-1,-1,-1,-1,-1,-1,-1,-1,-1,-1,-1,-1,-1,-1,-1,-1,-1,-1,0,1.039487,1,46606,4651,96,1,2,1,14391,1,0,0,0,0,0
1,0,0,0,0,0,0,0,0,0,0,0,0,0,0,0,0,1,18,1,0,0,0,7,18,0,0,-1,-1,-1,-1,-1,-1,-1,-1,-1,-1,-1,-1,-1,-1,-1,-1,-1,-1,-1,-1,-1,-1,-1,-1,-1,-1,-1,-1,-1,-1,-1,-1,-1,-1,-1,-1,-1,-1,-1,-1,-1,-1,-1,-1,-1,-1,-1,-1,-1,-1,0,4.711417,-1,40034,3899,118,1,2,0,298,0,0,0,0,0,0
2,0,0,0,0,0,0,0,0,0,0,0,0,0,0,0,0,1,12,2,0,0,0,2,12,0,0,-1,-1,-1,-1,-1,-1,-1,-1,-1,-1,-1,-1,-1,-1,-1,-1,-1,-1,-1,-1,-1,-1,-1,-1,-1,-1,-1,-1,-1,-1,-1,-1,-1,-1,-1,-1,-1,-1,-1,-1,-1,-1,-1,-1,-1,-1,-1,-1,-1,-1,0,0.405235,0,39819,-1,-1,1,2,1,21589,0,0,0,0,0,0
1,0,0,3,0,0,0,0,0,0,0,0,0,0,0,0,0,1,51,1,0,0,0,3,11,0,0,0,0,0,3,0,0,0,0,0,0,0,0,0,0,0,0,40,0,0,0,0,0,0,0,0,0,0,0,0,0,0,-1,-1,-1,-1,-1,-1,-1,-1,-1,-1,-1,-1,-1,-1,-1,-1,-1,-1,-1,0,0.646985,-1,32748,2179,376,1,2,1,6906,1,0,0,0,0,1
2,0,0,0,0,0,0,0,0,0,0,0,0,0,0,0,0,1,21,2,0,0,0,5,21,0,0,-1,-1,-1,-1,-1,-1,-1,-1,-1,-1,-1,-1,-1,-1,-1,-1,-1,-1,-1,-1,-1,-1,-1,-1,-1,-1,-1,-1,-1,-1,-1,-1,-1,-1,-1,-1,-1,-1,-1,-1,-1,-1,-1,-1,-1,-1,-1,-1,-1,-1,0,0.4240600000000001,1,26496,6400,904,1,2,2,10797,0,0,0,0,0,0
3,5,0,3,0,0,0,0,0,0,0,0,0,0,0,0,0,1,67,2,0,0,0,6,22,0,0,1,5,0,3,0,0,0,0,0,0,0,0,0,0,0,0,45,1,5,0,0,0,0,0,0,0,0,0,0,0,36,-1,-1,-1,-1,-1,-1,-1,-1,-1,-1,-1,-1,-1,-1,-1,-1,-1,-1,-1,0,0.54198,0,15169,-1,-1,1,4,0,292,1,1,0,0,0,0
